PLATFORM_NUMBER,FIRST SURFACING,LAST SURFACING,FORMAT_VERSION,PROJECT_NAME,PI_NAME,FLOAT_OWNER,PERATING_INSTITUTION,DEPLOYMENT_CRUISE_ID,DEPLOYMENT_PLATFORM,PLATFORM_MARKER,PLATFORM_TYPE,FLOAT_SERIAL_NO,CONTROLLER_BOARD_SERIAL_NO_PRIMARY,FIRMWARE_VERSION,CONTROLLER_BOARD_TYPE_PRIMARY,TRANS_SYSTEM,PTT,SENSORS,SENSORS_SERIAL,BATTERY_TYPE,CONFIG_PARAMETER_NAME,CONFIG_PARAMETER_NAME_VALUE
1900275,11-Oct-2003,15-Oct-2006,2.2,ARGO_SPAIN,Gregorio PARRILLA,,,,,,,,,,,ARGOS,40817,/ CTD_CNDC/ CTD_TEMP/ CTD_PRES/,na,na, 
1900276,02-Oct-2003,13-Jun-2005,2.2,ARGO_SPAIN,Gregorio PARRILLA,,,,,,,,,,,ARGOS,40818,/ CTD_CNDC/ CTD_TEMP/ CTD_PRES/,na,na, 
1900277,04-Oct-2003,24-Jun-2007,2.2,ARGO_SPAIN,Gregorio PARRILLA,,,,,,,,,,,ARGOS,40819,/ CTD_CNDC/ CTD_TEMP/ CTD_PRES/,na,na, 
1900278,29-Sep-2003,15-Mar-2010,2.2,ARGO_SPAIN,Gregorio PARRILLA,,,,,,,,,,,ARGOS,40820,/ CTD_CNDC/ CTD_TEMP/ CTD_PRES/,na,na, 
1900279,07-Oct-2003,25-Dec-2005,2.2,ARGO_SPAIN,Gregorio PARRILLA,,,,,,,,,,,ARGOS,40821,/ CTD_CNDC/ CTD_TEMP/ CTD_PRES/,na,na, 
1900377,06-May-2005,21-Jan-2008,3.1,ARGO_MEXICO,Ochoa DE LA TORRE,,,,,MARTEC,PROVOR,OIN-04-SP-S2-04,n/a,n/a,n/a,ARGOS,40824,/ CTD_PRES/ CTD_TEMP/ CTD_CNDC,/ n/a/ n/a/ n/a,Lithium,[Mission01] CONFIG_CycleTime_hours:NaN/ CONFIG_ParkPressure_dbar:1000/ CONFIG_ProfilePressure_dbar:2000/ CONFIG_Direction_NUMBER:3 [Mission02] CONFIG_CycleTime_hours:240/ CONFIG_ParkPressure_dbar:1000/ CONFIG_ProfilePressure_dbar:2000/ CONFIG_Direction_NUMBER:1 
1900378,11-Dec-2005,31-Dec-2005,3.1,ARGO_CR,Daniel BALLESTERO,,,,,MARTEC,PROVOR,OIN-04-SP-S2-05,n/a,n/a,n/a,ARGOS,40825,/ CTD_PRES/ CTD_TEMP/ CTD_CNDC,/ n/a/ n/a/ n/a,Lithium,[Mission01] CONFIG_CycleTime_hours:NaN/ CONFIG_ParkPressure_dbar:1000/ CONFIG_ProfilePressure_dbar:2000/ CONFIG_Direction_NUMBER:3 [Mission02] CONFIG_CycleTime_hours:240/ CONFIG_ParkPressure_dbar:1000/ CONFIG_ProfilePressure_dbar:2000/ CONFIG_Direction_NUMBER:1 
1900379,10-Dec-2005,09-Jan-2008,3.1,ARGO_CR,Daniel BALLESTERO,,,,,MARTEC,PROVOR,OIN-04-SP-S2-06,n/a,n/a,n/a,ARGOS,40826,/ CTD_PRES/ CTD_TEMP/ CTD_CNDC,/ n/a/ n/a/ n/a,Lithium,[Mission01] CONFIG_CycleTime_hours:NaN/ CONFIG_ParkPressure_dbar:1000/ CONFIG_ProfilePressure_dbar:2000/ CONFIG_Direction_NUMBER:3 [Mission02] CONFIG_CycleTime_hours:240/ CONFIG_ParkPressure_dbar:1000/ CONFIG_ProfilePressure_dbar:2000/ CONFIG_Direction_NUMBER:1 
4900556,25-Mar-2005,04-Feb-2007,3.1,MFSTEP,Pierre-Marie Poulain,,,,RV Cornide de Saavedra,MARTEC,PROVOR,OIN-04-SP-S2-01,n/a,n/a,n/a,ARGOS,19789,/ CTD_PRES/ CTD_TEMP/ CTD_CNDC,/ n/a/ n/a/ n/a,Lithium,[Mission01] CONFIG_CycleTime_hours:NaN/ CONFIG_ParkPressure_dbar:350/ CONFIG_ProfilePressure_dbar:2000/ CONFIG_Direction_NUMBER:3 [Mission02] CONFIG_CycleTime_hours:120/ CONFIG_ParkPressure_dbar:350/ CONFIG_ProfilePressure_dbar:700/ CONFIG_Direction_NUMBER:1 [Mission03] CONFIG_CycleTime_hours:120/ CONFIG_ParkPressure_dbar:350/ CONFIG_ProfilePressure_dbar:2000/ CONFIG_Direction_NUMBER:1 
4900557,14-Sep-2004,23-Mar-2007,3.1,ARGO_SPAIN,Pierre-Marie Poulain,,,,,MARTEC,PROVOR,OIN-04-SP-S2-002,n/a,n/a,n/a,ARGOS,19845,/ CTD_PRES/ CTD_TEMP/ CTD_CNDC,/ n/a/ n/a/ n/a,Lithium,[Mission01] CONFIG_CycleTime_hours:NaN/ CONFIG_ParkPressure_dbar:1500/ CONFIG_ProfilePressure_dbar:2000/ CONFIG_Direction_NUMBER:3 [Mission02] CONFIG_CycleTime_hours:240/ CONFIG_ParkPressure_dbar:1500/ CONFIG_ProfilePressure_dbar:2000/ CONFIG_Direction_NUMBER:1 
4900558,12-Sep-2004,31-Dec-2006,3.1,ARGO_SPAIN,Pierre-Marie Poulain,,,,,MARTEC,PROVOR,OIN-04-SP-S2-001,n/a,n/a,n/a,ARGOS,19844,/ CTD_PRES/ CTD_TEMP/ CTD_CNDC,/ n/a/ n/a/ n/a,Lithium,[Mission01] CONFIG_CycleTime_hours:NaN/ CONFIG_ParkPressure_dbar:1500/ CONFIG_ProfilePressure_dbar:2000/ CONFIG_Direction_NUMBER:3 [Mission02] CONFIG_CycleTime_hours:240/ CONFIG_ParkPressure_dbar:1500/ CONFIG_ProfilePressure_dbar:2000/ CONFIG_Direction_NUMBER:1 
6900230,23-Sep-2003,12-Sep-2005,2.2,ARGO_SPAIN,Gregorio PARRILLA,,,,,,,,,,,ARGOS,40823,/ CTD_CNDC/ CTD_TEMP/ CTD_PRES/,na,na, 
6900231,28-Dec-2003,07-Nov-2005,2.2,ARGO_SPAIN,Gregorio PARRILLA,,,,,,,,,,,ARGOS,40822,/ CTD_CNDC/ CTD_TEMP/ CTD_PRES/,na,na, 
6900506,24-Sep-2006,17-Dec-2011,2.2,ARGO_SPAIN,Gregorio PARRILLA,,,,,webbresearch,,,,,,ARGOS,64810,/ CTD_CNDC/ CTD_TEMP/ CTD_PRES,na,na, 
6900635,14-Nov-2011,27-Feb-2012,2.2,ARGO SPAIN,Jordi FONT,,,,,TELEDYNE Webb Research,,,,,,ARGOS,79757,/ CTD_PRES/ CTD_TEMP/ CTD_CNDC/,na,na, 
6900636,02-Aug-2012,10-Oct-2017,2.2,ARGO SPAIN,Jordi FONT,,,,,TELEDYNE Webb Research,,,,,,ARGOS,79758,/ CTD_PRES/ CTD_TEMP/ CTD_CNDC/,na,na, 
6900659,17-Jan-2011,20-Jul-2015,2.2,ARGO SPAIN,Pascual ANANDA,,,,,TELEDYNE Webb Research,,,,,,ARGOS,83877,/ CTD_PRES/ CTD_TEMP/ CTD_CNDC/,na,na, 
6900660,13-Sep-2011,15-May-2013,2.2,ARGO SPAIN,Pascual ANANDA,,,,,TELEDYNE Webb Research,,,,,,ARGOS,83878,/ CTD_PRES/ CTD_TEMP/ CTD_CNDC/,/ 9999/ 9999/ 9999/,na, 
6900661,28-Jun-2011,13-May-2012,2.2,ARGO SPAIN,Pascual ANANDA,,,,,TELEDYNE Webb Research,,,,,,ARGOS,83879,/ CTD_PRES/ CTD_TEMP/ CTD_CNDC/,na,na, 
6900662,15-Jun-2012,01-Jan-2016,2.2,ARGO SPAIN,Pedro Joaquin VELEZ BELCHI,,,,,TELEDYNE Webb Research,,,,,,ARGOS,83966,/ CTD_PRES/ CTD_TEMP/ CTD_CNDC/,/ 3943/ 3943/ 3943/,na, 
6900760,06-Sep-2010,03-May-2013,3.1,ARGO_SPAIN,Pedro Joaquin VELEZ BELCHI,,,RADPROF,CORNIDE DE SAAVEDRA,TWR,APEX,4407,6331,071807,APF9A,ARGOS,88339,/ CTD_PRES/ CTD_TEMP/ CTD_CNDC/ IDO_DOXY,/ n/a/ n/a/ n/a/ 447,Alkaline,[Mission01] CONFIG_CycleTime_hours:26.8889/ CONFIG_ParkPressure_dbar:1000/ CONFIG_ProfilePressure_dbar:2000 [Mission02] CONFIG_CycleTime_hours:240/ CONFIG_ParkPressure_dbar:1000/ CONFIG_ProfilePressure_dbar:2000 
6900761,17-Sep-2010,05-Nov-2014,3.1,ARGO_SPAIN,Pedro VELEZ BELCHI,IEO,IEO,RADPROF,Cornide de Saavedra,TWR,APEX,4397,6312,062608,APF9A,ARGOS,88340,/ CTD_PRES/ CTD_TEMP/ CTD_CNDC,/ 4384/ 4384/ 4384,Alkaline,[Mission01] CONFIG_CycleTime_hours:26.8889/ CONFIG_ParkPressure_dbar:1000/ CONFIG_ProfilePressure_dbar:2000 [Mission02] CONFIG_CycleTime_hours:240/ CONFIG_ParkPressure_dbar:1000/ CONFIG_ProfilePressure_dbar:2000 
6900762,11-Sep-2010,12-Jun-2014,3.1,ARGO_SPAIN,Pedro VELEZ BELCHI,IEO,IEO,RADPROF,Cornide de Saavedra,TWR,APEX,4398,6326,062608,APF9A,ARGOS,88341,/ CTD_PRES/ CTD_TEMP/ CTD_CNDC,/ 4385/ 4385/ 4385,Alkaline,[Mission01] CONFIG_CycleTime_hours:26.8889/ CONFIG_ParkPressure_dbar:1000/ CONFIG_ProfilePressure_dbar:2000 [Mission02] CONFIG_CycleTime_hours:240/ CONFIG_ParkPressure_dbar:1000/ CONFIG_ProfilePressure_dbar:2000 
6900763,22-Sep-2010,19-Apr-2015,3.1,ARGO_SPAIN,Pedro VELEZ BELCHI,IEO,IEO,RADPROF,Cornide de Saavedra,TWR,APEX,4499,6314,062608,APF9A,ARGOS,88342,/ CTD_PRES/ CTD_TEMP/ CTD_CNDC,/ 4387/ 4387/ 4387,Alkaline,[Mission01] CONFIG_CycleTime_hours:26.8889/ CONFIG_ParkPressure_dbar:1000/ CONFIG_ProfilePressure_dbar:2000 [Mission02] CONFIG_CycleTime_hours:240/ CONFIG_ParkPressure_dbar:1000/ CONFIG_ProfilePressure_dbar:2000 
6900764,02-Feb-2011,19-Sep-2013,3.1,ARGO_SPAIN,Pedro Joaquin VELEZ BELCHI,,,Malaspina,HESPERIDES,TWR,APEX,4408,6332,071807,APF9A,ARGOS,88343,/ CTD_PRES/ CTD_TEMP/ CTD_CNDC/ IDO_DOXY,/ 4634/ 4634/ 4634/ 244,Alkaline,[Mission01] CONFIG_CycleTime_hours:27.8889/ CONFIG_ParkPressure_dbar:1000/ CONFIG_ProfilePressure_dbar:2000 [Mission02] CONFIG_CycleTime_hours:240/ CONFIG_ParkPressure_dbar:1000/ CONFIG_ProfilePressure_dbar:2000 
6900765,04-Feb-2011,07-Jul-2016,3.1,ARGO_SPAIN,Pedro VELEZ BELCHI,IEO,IEO,Malaspina,HESPERIDES,TWR,APEX,4400,6315,062608,APF9A,ARGOS,88344,/ CTD_PRES/ CTD_TEMP/ CTD_CNDC,/ 4388/ 4388/ 4388,Alkaline,[Mission01] CONFIG_CycleTime_hours:27.8889/ CONFIG_ParkPressure_dbar:1000/ CONFIG_ProfilePressure_dbar:2000 [Mission02] CONFIG_CycleTime_hours:240/ CONFIG_ParkPressure_dbar:1000/ CONFIG_ProfilePressure_dbar:1000 [Mission03] CONFIG_CycleTime_hours:240/ CONFIG_ParkPressure_dbar:1000/ CONFIG_ProfilePressure_dbar:2000 
6900766,17-Dec-2010,06-Dec-2012,3.1,ARGO_SPAIN,Pedro VELEZ BELCHI,IEO,IEO,Malaspina,HESPERIDES,TWR,APEX,4401,6316,062608,APF9A,ARGOS,88345,/ CTD_PRES/ CTD_TEMP/ CTD_CNDC,/ 4389/ 4389/ 4389,Alkaline,[Mission01] CONFIG_CycleTime_hours:16.9444/ CONFIG_ParkPressure_dbar:1000/ CONFIG_ProfilePressure_dbar:1000 
6900767,25-Dec-2010,04-Dec-2014,3.1,ARGO_SPAIN,Pedro VELEZ BELCHI,IEO,IEO,Malaspina,HESPERIDES,TWR,APEX,4402,6324,062608,APF9A,ARGOS,88346,/ CTD_PRES/ CTD_TEMP/ CTD_CNDC,/ 4504/ 4504/ 4504,Alkaline,[Mission01] CONFIG_CycleTime_hours:29.8889/ CONFIG_ParkPressure_dbar:1000/ CONFIG_ProfilePressure_dbar:2000 [Mission02] CONFIG_CycleTime_hours:240/ CONFIG_ParkPressure_dbar:1000/ CONFIG_ProfilePressure_dbar:2000 
6900768,28-Dec-2010,07-Nov-2014,3.1,ARGO_SPAIN,Pedro VELEZ BELCHI,IEO,IEO,Malaspina,HESPERIDES,TWR,APEX,4403,6325,062608,APF9A,ARGOS,88347,/ CTD_PRES/ CTD_TEMP/ CTD_CNDC,/ 4509/ 4509/ 4509,Alkaline,[Mission01] CONFIG_CycleTime_hours:30.8889/ CONFIG_ParkPressure_dbar:1000/ CONFIG_ProfilePressure_dbar:2000 [Mission02] CONFIG_CycleTime_hours:240/ CONFIG_ParkPressure_dbar:1000/ CONFIG_ProfilePressure_dbar:2000 
6900769,05-Feb-2011,29-Jun-2014,3.1,ARGO_SPAIN,Pedro VELEZ BELCHI,IEO,IEO,Malaspina,Sarmiento de Gamboa,TWR,APEX,4404,6327,062608,APF9A,ARGOS,88348,/ CTD_PRES/ CTD_TEMP/ CTD_CNDC,/ 4507/ 4507/ 4507,Alkaline,[Mission01] CONFIG_CycleTime_hours:27.8889/ CONFIG_ParkPressure_dbar:1000/ CONFIG_ProfilePressure_dbar:2000 [Mission02] CONFIG_CycleTime_hours:240/ CONFIG_ParkPressure_dbar:1000/ CONFIG_ProfilePressure_dbar:2000 
6900770,08-Feb-2011,09-Nov-2014,3.1,ARGO_SPAIN,Pedro VELEZ BELCHI,IEO,IEO,Malaspina,Sarmiento de Gamboa,TWR,APEX,4405,6330,062608,APF9A,ARGOS,88349,/ CTD_PRES/ CTD_TEMP/ CTD_CNDC,/ 4508/ 4508/ 4508,Alkaline,[Mission01] CONFIG_CycleTime_hours:27.8889/ CONFIG_ParkPressure_dbar:1000/ CONFIG_ProfilePressure_dbar:2000 [Mission02] CONFIG_CycleTime_hours:240/ CONFIG_ParkPressure_dbar:1000/ CONFIG_ProfilePressure_dbar:2000 
6900771,11-Feb-2011,22-Mar-2015,3.1,ARGO_SPAIN,Pedro VELEZ BELCHI,IEO,IEO,Malaspina,Sarmiento de Gamboa,TWR,APEX,4406,6333,062608,APF9A,ARGOS,88350,/ CTD_PRES/ CTD_TEMP/ CTD_CNDC,/ 4493/ 4493/ 4493,Alkaline,[Mission01] CONFIG_CycleTime_hours:27.8889/ CONFIG_ParkPressure_dbar:1000/ CONFIG_ProfilePressure_dbar:2000 [Mission02] CONFIG_CycleTime_hours:240/ CONFIG_ParkPressure_dbar:1000/ CONFIG_ProfilePressure_dbar:2000 
6900772,28-Oct-2010,12-Sep-2013,3.1,ARGO_SPAIN,Pedro VELEZ BELCHI,IEO,IEO,RAPROCAN,Cornide de Saavedra,TWR,APEX,4797,6609,062608,APF9A,ARGOS,51983,/ CTD_PRES/ CTD_TEMP/ CTD_CNDC,/ 4430/ 4430/ 4430,Alkaline,[Mission01] CONFIG_CycleTime_hours:26.8889/ CONFIG_ParkPressure_dbar:1000/ CONFIG_ProfilePressure_dbar:2000 [Mission02] CONFIG_CycleTime_hours:240/ CONFIG_ParkPressure_dbar:1000/ CONFIG_ProfilePressure_dbar:2000 
6900773,15-Feb-2011,13-Aug-2015,3.1,ARGO_SPAIN,Pedro VELEZ BELCHI,IEO,IEO,Malaspina,Sarmiento de Gamboa,TWR,APEX,4798,6610,062608,APF9A,ARGOS,51984,/ CTD_PRES/ CTD_TEMP/ CTD_CNDC,/ 4766/ 4766/ 4766,Alkaline,[Mission01] CONFIG_CycleTime_hours:26.8889/ CONFIG_ParkPressure_dbar:1000/ CONFIG_ProfilePressure_dbar:2000 [Mission02] CONFIG_CycleTime_hours:240/ CONFIG_ParkPressure_dbar:1000/ CONFIG_ProfilePressure_dbar:2000 
6900774,21-Feb-2011,06-Apr-2014,3.1,ARGO_SPAIN,Pedro VELEZ BELCHI,IEO,IEO,Malaspina,Sarmiento de Gamboa,TWR,APEX,4799,6611,062608,APF9A,ARGOS,51985,/ CTD_PRES/ CTD_TEMP/ CTD_CNDC,/ 4768/ 4768/ 4768,Alkaline,[Mission01] CONFIG_CycleTime_hours:26.8889/ CONFIG_ParkPressure_dbar:1000/ CONFIG_ProfilePressure_dbar:2000 [Mission02] CONFIG_CycleTime_hours:240/ CONFIG_ParkPressure_dbar:1000/ CONFIG_ProfilePressure_dbar:2000 
6900775,25-Feb-2011,04-Feb-2015,3.1,ARGO_SPAIN,Pedro VELEZ BELCHI,IEO,IEO,Malaspina,Sarmiento de Gamboa,TWR,APEX,4800,6670,062608,APF9A,ARGOS,51986,/ CTD_PRES/ CTD_TEMP/ CTD_CNDC,/ 4769/ 4769/ 4769,Alkaline,[Mission01] CONFIG_CycleTime_hours:26.8889/ CONFIG_ParkPressure_dbar:1000/ CONFIG_ProfilePressure_dbar:2000 [Mission02] CONFIG_CycleTime_hours:240/ CONFIG_ParkPressure_dbar:1000/ CONFIG_ProfilePressure_dbar:2000 
6900776,26-Feb-2011,18-Oct-2014,3.1,ARGO_SPAIN,Pedro VELEZ BELCHI,IEO,IEO,Malaspina,Sarmiento de Gamboa,TWR,APEX,4801,6671,062608,APF9A,ARGOS,51987,/ CTD_PRES/ CTD_TEMP/ CTD_CNDC,/ 4770/ 4770/ 4770,Alkaline,[Mission01] CONFIG_CycleTime_hours:26.8889/ CONFIG_ParkPressure_dbar:1000/ CONFIG_ProfilePressure_dbar:2000 [Mission02] CONFIG_CycleTime_hours:240/ CONFIG_ParkPressure_dbar:1000/ CONFIG_ProfilePressure_dbar:2000 
6900777,27-Feb-2011,12-Jul-2014,3.1,ARGO_SPAIN,Pedro VELEZ BELCHI,IEO,IEO,Malaspina,Sarmiento de Gamboa,TWR,APEX,4802,6672,062608,APF9A,ARGOS,51988,/ CTD_PRES/ CTD_TEMP/ CTD_CNDC,/ 4771/ 4771/ 4771,Alkaline,[Mission01] CONFIG_CycleTime_hours:26.8889/ CONFIG_ParkPressure_dbar:1000/ CONFIG_ProfilePressure_dbar:2000 [Mission02] CONFIG_CycleTime_hours:240/ CONFIG_ParkPressure_dbar:1000/ CONFIG_ProfilePressure_dbar:2000 
6900778,01-Mar-2011,10-Nov-2014,3.1,ARGO_SPAIN,Pedro VELEZ BELCHI,IEO,IEO,Malaspina,Sarmiento de Gamboa,TWR,APEX,4803,6673,062608,APF9A,ARGOS,51989,/ CTD_PRES/ CTD_TEMP/ CTD_CNDC,/ 4772/ 4772/ 4772,Alkaline,[Mission01] CONFIG_CycleTime_hours:26.8889/ CONFIG_ParkPressure_dbar:1000/ CONFIG_ProfilePressure_dbar:2000 [Mission02] CONFIG_CycleTime_hours:240/ CONFIG_ParkPressure_dbar:1000/ CONFIG_ProfilePressure_dbar:2000 
6900779,03-Mar-2011,16-May-2014,3.1,ARGO_SPAIN,Pedro VELEZ BELCHI,IEO,IEO,Malaspina,Sarmiento de Gamboa,TWR,APEX,4804,6674,062608,APF9A,ARGOS,51990,/ CTD_PRES/ CTD_TEMP/ CTD_CNDC,/ 4773/ 4773/ 4773,Alkaline,[Mission01] CONFIG_CycleTime_hours:26.8889/ CONFIG_ParkPressure_dbar:1000/ CONFIG_ProfilePressure_dbar:2000 [Mission02] CONFIG_CycleTime_hours:240/ CONFIG_ParkPressure_dbar:1000/ CONFIG_ProfilePressure_dbar:2000 
6900780,26-Jan-2011,29-Jun-2014,3.1,ARGO_SPAIN,Pedro VELEZ BELCHI,IEO,IEO,Malaspina,HESPERIDES,TWR,APEX,4805,6675,062608,APF9A,ARGOS,51991,/ CTD_PRES/ CTD_TEMP/ CTD_CNDC,/ 4775/ 4775/ 4775,Alkaline,[Mission01] CONFIG_CycleTime_hours:25.8889/ CONFIG_ParkPressure_dbar:1000/ CONFIG_ProfilePressure_dbar:2000 [Mission02] CONFIG_CycleTime_hours:240/ CONFIG_ParkPressure_dbar:1000/ CONFIG_ProfilePressure_dbar:2000 
6900781,27-Jan-2011,06-Apr-2015,3.1,ARGO_SPAIN,Pedro VELEZ BELCHI,IEO,IEO,Malaspina,HESPERIDES,TWR,APEX,4806,6676,062608,APF9A,ARGOS,51992,/ CTD_PRES/ CTD_TEMP/ CTD_CNDC,/ 4776/ 4776/ 4776,Alkaline,[Mission01] CONFIG_CycleTime_hours:25.8889/ CONFIG_ParkPressure_dbar:1000/ CONFIG_ProfilePressure_dbar:2000 [Mission02] CONFIG_CycleTime_hours:240/ CONFIG_ParkPressure_dbar:1000/ CONFIG_ProfilePressure_dbar:2000 
6900782,28-Jan-2011,01-May-2016,3.1,ARGO_SPAIN,Pedro VELEZ BELCHI,IEO,IEO,Malaspina,HESPERIDES,TWR,APEX,4807,6678,062608,APF9A,ARGOS,51993,/ CTD_PRES/ CTD_TEMP/ CTD_CNDC,/ 4777/ 4777/ 4777,Alkaline,[Mission01] CONFIG_CycleTime_hours:25.8889/ CONFIG_ParkPressure_dbar:1000/ CONFIG_ProfilePressure_dbar:2000 [Mission02] CONFIG_CycleTime_hours:240/ CONFIG_ParkPressure_dbar:1000/ CONFIG_ProfilePressure_dbar:2000 
6900783,30-Jan-2011,29-May-2015,3.1,ARGO_SPAIN,Pedro VELEZ BELCHI,IEO,IEO,Malaspina,HESPERIDES,TWR,APEX,4808,6679,062608,APF9A,ARGOS,51994,/ CTD_PRES/ CTD_TEMP/ CTD_CNDC,/ 4778/ 4778/ 4778,Alkaline,[Mission01] CONFIG_CycleTime_hours:25.8889/ CONFIG_ParkPressure_dbar:1000/ CONFIG_ProfilePressure_dbar:2000 [Mission02] CONFIG_CycleTime_hours:240/ CONFIG_ParkPressure_dbar:1000/ CONFIG_ProfilePressure_dbar:2000 
6900784,06-Sep-2010,16-Aug-2012,3.1,ARGO_SPAIN,Pedro Joaquin VELEZ BELCHI,,,MOREBIS project,CORNIDE DE SAAVEDRA,TWR,APEX,5035-7137,7137,071807,APF9A,ARGOS,51881,/ CTD_PRES/ CTD_TEMP/ CTD_CNDC/ IDO_DOXY,/ n/a/ n/a/ n/a/ 568,Alkaline,[Mission01] CONFIG_CycleTime_hours:27.8889/ CONFIG_ParkPressure_dbar:1000/ CONFIG_ProfilePressure_dbar:2000 [Mission02] CONFIG_CycleTime_hours:240/ CONFIG_ParkPressure_dbar:1000/ CONFIG_ProfilePressure_dbar:2000 
6900785,07-Sep-2010,08-Jun-2012,3.1,ARGO_SPAIN,Pedro Joaquin VELEZ BELCHI,,,MOREBIS project,CORNIDE DE SAAVEDRA,TWR,APEX,5027-7137,6796,071807,APF9A,ARGOS,51880,/ CTD_PRES/ CTD_TEMP/ CTD_CNDC/ IDO_DOXY,/ n/a/ n/a/ n/a/ 563,Alkaline,[Mission01] CONFIG_CycleTime_hours:27.8889/ CONFIG_ParkPressure_dbar:1000/ CONFIG_ProfilePressure_dbar:2000 [Mission02] CONFIG_CycleTime_hours:240/ CONFIG_ParkPressure_dbar:1000/ CONFIG_ProfilePressure_dbar:2000 
6900786,12-Aug-2012,25-Jul-2015,3.1,ARGO_SPAIN,Pedro VELEZ BELCHI,SOCIB ICTS,SOCIB ICTS,SOCIB ICTS,SOCIB,TWR,APEX,6259,n/a,012811,n/a,IRIDIUM,8373,/ CTD_PRES/ CTD_TEMP/ CTD_CNDC,/ 4121/ 4121/ 4121,Alkaline,[Mission01] CONFIG_CycleTime_minutes:7200/ CONFIG_PistonProfile_COUNT:15/ CONFIG_ProfilePressure_dbar:700/ CONFIG_PistonPark_COUNT:69/ CONFIG_ParkPressure_dbar:700 [Mission02] CONFIG_CycleTime_minutes:7200/ CONFIG_PistonProfile_COUNT:15/ CONFIG_ProfilePressure_dbar:2000/ CONFIG_PistonPark_COUNT:69/ CONFIG_ParkPressure_dbar:700 [Mission03] CONFIG_CycleTime_minutes:7200/ CONFIG_PistonProfile_COUNT:14/ CONFIG_ProfilePressure_dbar:700/ CONFIG_PistonPark_COUNT:70/ CONFIG_ParkPressure_dbar:700 [Mission04] CONFIG_CycleTime_minutes:7200/ CONFIG_PistonProfile_COUNT:14/ CONFIG_ProfilePressure_dbar:2000/ CONFIG_PistonPark_COUNT:70/ CONFIG_ParkPressure_dbar:700 [Mission05] CONFIG_CycleTime_minutes:7200/ CONFIG_PistonProfile_COUNT:13/ CONFIG_ProfilePressure_dbar:700/ CONFIG_PistonPark_COUNT:70/ CONFIG_ParkPressure_dbar:700 [Mission06] CONFIG_CycleTime_minutes:7200/ CONFIG_PistonProfile_COUNT:13/ CONFIG_ProfilePressure_dbar:2000/ CONFIG_PistonPark_COUNT:70/ CONFIG_ParkPressure_dbar:700 [Mission07] CONFIG_CycleTime_minutes:7200/ CONFIG_PistonProfile_COUNT:14/ CONFIG_ProfilePressure_dbar:700/ CONFIG_PistonPark_COUNT:71/ CONFIG_ParkPressure_dbar:700 [Mission08] CONFIG_CycleTime_minutes:7200/ CONFIG_PistonProfile_COUNT:14/ CONFIG_ProfilePressure_dbar:2000/ CONFIG_PistonPark_COUNT:71/ CONFIG_ParkPressure_dbar:700 [Mission09] CONFIG_CycleTime_minutes:7200/ CONFIG_PistonProfile_COUNT:15/ CONFIG_ProfilePressure_dbar:700/ CONFIG_PistonPark_COUNT:71/ CONFIG_ParkPressure_dbar:700 [Mission10] CONFIG_CycleTime_minutes:7200/ CONFIG_PistonProfile_COUNT:15/ CONFIG_ProfilePressure_dbar:700/ CONFIG_PistonPark_COUNT:70/ CONFIG_ParkPressure_dbar:700 [Mission11] CONFIG_CycleTime_minutes:7200/ CONFIG_PistonProfile_COUNT:15/ CONFIG_ProfilePressure_dbar:2000/ CONFIG_PistonPark_COUNT:71/ CONFIG_ParkPressure_dbar:700 [Mission12] CONFIG_CycleTime_minutes:7200/ CONFIG_PistonProfile_COUNT:16/ CONFIG_ProfilePressure_dbar:700/ CONFIG_PistonPark_COUNT:71/ CONFIG_ParkPressure_dbar:700 [Mission13] CONFIG_CycleTime_minutes:7200/ CONFIG_PistonProfile_COUNT:16/ CONFIG_ProfilePressure_dbar:700/ CONFIG_PistonPark_COUNT:72/ CONFIG_ParkPressure_dbar:700 [Mission14] CONFIG_CycleTime_minutes:7200/ CONFIG_PistonProfile_COUNT:16/ CONFIG_ProfilePressure_dbar:2000/ CONFIG_PistonPark_COUNT:71/ CONFIG_ParkPressure_dbar:700 [Mission15] CONFIG_CycleTime_minutes:7200/ CONFIG_PistonProfile_COUNT:15/ CONFIG_ProfilePressure_dbar:700/ CONFIG_PistonPark_COUNT:72/ CONFIG_ParkPressure_dbar:700 [Mission16] CONFIG_CycleTime_minutes:7200/ CONFIG_PistonProfile_COUNT:15/ CONFIG_ProfilePressure_dbar:2000/ CONFIG_PistonPark_COUNT:72/ CONFIG_ParkPressure_dbar:700 [Mission17] CONFIG_CycleTime_minutes:7200/ CONFIG_PistonProfile_COUNT:16/ CONFIG_ProfilePressure_dbar:2000/ CONFIG_PistonPark_COUNT:72/ CONFIG_ParkPressure_dbar:700 [Mission18] CONFIG_CycleTime_minutes:7200/ CONFIG_PistonProfile_COUNT:15/ CONFIG_ProfilePressure_dbar:700/ CONFIG_PistonPark_COUNT:73/ CONFIG_ParkPressure_dbar:700 [Mission19] CONFIG_CycleTime_minutes:7200/ CONFIG_PistonProfile_COUNT:17/ CONFIG_ProfilePressure_dbar:700/ CONFIG_PistonPark_COUNT:72/ CONFIG_ParkPressure_dbar:700 [Mission20] CONFIG_CycleTime_minutes:7200/ CONFIG_PistonProfile_COUNT:17/ CONFIG_ProfilePressure_dbar:2000/ CONFIG_PistonPark_COUNT:72/ CONFIG_ParkPressure_dbar:700 [Mission21] CONFIG_CycleTime_minutes:7200/ CONFIG_PistonProfile_COUNT:15/ CONFIG_ProfilePressure_dbar:2000/ CONFIG_PistonPark_COUNT:73/ CONFIG_ParkPressure_dbar:700 [Mission22] CONFIG_CycleTime_minutes:7200/ CONFIG_PistonProfile_COUNT:14/ CONFIG_ProfilePressure_dbar:700/ CONFIG_PistonPark_COUNT:73/ CONFIG_ParkPressure_dbar:700 [Mission23] CONFIG_CycleTime_minutes:7200/ CONFIG_PistonProfile_COUNT:14/ CONFIG_ProfilePressure_dbar:2000/ CONFIG_PistonPark_COUNT:73/ CONFIG_ParkPressure_dbar:700 [Mission24] CONFIG_CycleTime_minutes:7200/ CONFIG_PistonProfile_COUNT:13/ CONFIG_ProfilePressure_dbar:700/ CONFIG_PistonPark_COUNT:73/ CONFIG_ParkPressure_dbar:700 [Mission25] CONFIG_CycleTime_minutes:7200/ CONFIG_PistonProfile_COUNT:13/ CONFIG_ProfilePressure_dbar:700/ CONFIG_PistonPark_COUNT:74/ CONFIG_ParkPressure_dbar:700 [Mission26] CONFIG_CycleTime_minutes:7200/ CONFIG_PistonProfile_COUNT:13/ CONFIG_ProfilePressure_dbar:2000/ CONFIG_PistonPark_COUNT:73/ CONFIG_ParkPressure_dbar:700 [Mission27] CONFIG_CycleTime_minutes:7200/ CONFIG_PistonProfile_COUNT:12/ CONFIG_ProfilePressure_dbar:700/ CONFIG_PistonPark_COUNT:73/ CONFIG_ParkPressure_dbar:700 [Mission28] CONFIG_CycleTime_minutes:7200/ CONFIG_PistonProfile_COUNT:12/ CONFIG_ProfilePressure_dbar:700/ CONFIG_PistonPark_COUNT:38/ CONFIG_ParkPressure_dbar:700 [Mission29] CONFIG_CycleTime_minutes:7200/ CONFIG_PistonProfile_COUNT:12/ CONFIG_ProfilePressure_dbar:700/ CONFIG_PistonPark_COUNT:9/ CONFIG_ParkPressure_dbar:700 [Mission30] CONFIG_CycleTime_minutes:7200/ CONFIG_PistonProfile_COUNT:12/ CONFIG_ProfilePressure_dbar:700/ CONFIG_PistonPark_COUNT:44/ CONFIG_ParkPressure_dbar:700 [Mission31] CONFIG_CycleTime_minutes:7200/ CONFIG_PistonProfile_COUNT:12/ CONFIG_ProfilePressure_dbar:700/ CONFIG_PistonPark_COUNT:74/ CONFIG_ParkPressure_dbar:700 [Mission32] CONFIG_CycleTime_minutes:7200/ CONFIG_PistonProfile_COUNT:12/ CONFIG_ProfilePressure_dbar:2000/ CONFIG_PistonPark_COUNT:74/ CONFIG_ParkPressure_dbar:700 [Mission33] CONFIG_CycleTime_minutes:7200/ CONFIG_PistonProfile_COUNT:11/ CONFIG_ProfilePressure_dbar:700/ CONFIG_PistonPark_COUNT:74/ CONFIG_ParkPressure_dbar:700 [Mission34] CONFIG_CycleTime_minutes:7200/ CONFIG_PistonProfile_COUNT:11/ CONFIG_ProfilePressure_dbar:700/ CONFIG_PistonPark_COUNT:73/ CONFIG_ParkPressure_dbar:700 [Mission35] CONFIG_CycleTime_minutes:7200/ CONFIG_PistonProfile_COUNT:11/ CONFIG_ProfilePressure_dbar:700/ CONFIG_PistonPark_COUNT:75/ CONFIG_ParkPressure_dbar:700 [Mission36] CONFIG_CycleTime_minutes:7200/ CONFIG_PistonProfile_COUNT:11/ CONFIG_ProfilePressure_dbar:2000/ CONFIG_PistonPark_COUNT:74/ CONFIG_ParkPressure_dbar:700 [Mission37] CONFIG_CycleTime_minutes:7200/ CONFIG_PistonProfile_COUNT:10/ CONFIG_ProfilePressure_dbar:700/ CONFIG_PistonPark_COUNT:74/ CONFIG_ParkPressure_dbar:700 [Mission38] CONFIG_CycleTime_minutes:7200/ CONFIG_PistonProfile_COUNT:10/ CONFIG_ProfilePressure_dbar:2000/ CONFIG_PistonPark_COUNT:74/ CONFIG_ParkPressure_dbar:700 [Mission39] CONFIG_CycleTime_minutes:7200/ CONFIG_PistonProfile_COUNT:9/ CONFIG_ProfilePressure_dbar:700/ CONFIG_PistonPark_COUNT:74/ CONFIG_ParkPressure_dbar:700 [Mission40] CONFIG_CycleTime_minutes:7200/ CONFIG_PistonProfile_COUNT:9/ CONFIG_ProfilePressure_dbar:2000/ CONFIG_PistonPark_COUNT:74/ CONFIG_ParkPressure_dbar:700 
6900787,10-Jul-2013,11-Jul-2015,3.1,ARGO_SPAIN,Pedro VELEZ BELCHI,SOCIB ICTS,SOCIB ICTS,SOCIB ICTS,SOCIB,TWR,APEX,6260,n/a,012811,n/a,IRIDIUM,8500,/ CTD_PRES/ CTD_TEMP/ CTD_CNDC,/ n/a/ n/a/ n/a,Alkaline,[Mission01] CONFIG_CycleTime_minutes:1433.3333/ CONFIG_PistonProfile_COUNT:16/ CONFIG_ProfilePressure_dbar:2000/ CONFIG_PistonPark_COUNT:87/ CONFIG_ParkPressure_dbar:700 [Mission02] CONFIG_CycleTime_minutes:7200/ CONFIG_PistonProfile_COUNT:15/ CONFIG_ProfilePressure_dbar:700/ CONFIG_PistonPark_COUNT:87/ CONFIG_ParkPressure_dbar:700 [Mission03] CONFIG_CycleTime_minutes:7200/ CONFIG_PistonProfile_COUNT:15/ CONFIG_ProfilePressure_dbar:700/ CONFIG_PistonPark_COUNT:72/ CONFIG_ParkPressure_dbar:700 [Mission04] CONFIG_CycleTime_minutes:7200/ CONFIG_PistonProfile_COUNT:15/ CONFIG_ProfilePressure_dbar:2000/ CONFIG_PistonPark_COUNT:72/ CONFIG_ParkPressure_dbar:700 [Mission05] CONFIG_CycleTime_minutes:7200/ CONFIG_PistonProfile_COUNT:16/ CONFIG_ProfilePressure_dbar:700/ CONFIG_PistonPark_COUNT:72/ CONFIG_ParkPressure_dbar:700 [Mission06] CONFIG_CycleTime_minutes:7200/ CONFIG_PistonProfile_COUNT:16/ CONFIG_ProfilePressure_dbar:2000/ CONFIG_PistonPark_COUNT:72/ CONFIG_ParkPressure_dbar:700 [Mission07] CONFIG_CycleTime_minutes:7200/ CONFIG_PistonProfile_COUNT:17/ CONFIG_ProfilePressure_dbar:700/ CONFIG_PistonPark_COUNT:73/ CONFIG_ParkPressure_dbar:700 [Mission08] CONFIG_CycleTime_minutes:7200/ CONFIG_PistonProfile_COUNT:17/ CONFIG_ProfilePressure_dbar:2000/ CONFIG_PistonPark_COUNT:73/ CONFIG_ParkPressure_dbar:700 [Mission09] CONFIG_CycleTime_minutes:7200/ CONFIG_PistonProfile_COUNT:18/ CONFIG_ProfilePressure_dbar:700/ CONFIG_PistonPark_COUNT:73/ CONFIG_ParkPressure_dbar:700 [Mission10] CONFIG_CycleTime_minutes:7200/ CONFIG_PistonProfile_COUNT:18/ CONFIG_ProfilePressure_dbar:2000/ CONFIG_PistonPark_COUNT:73/ CONFIG_ParkPressure_dbar:700 [Mission11] CONFIG_CycleTime_minutes:7200/ CONFIG_PistonProfile_COUNT:19/ CONFIG_ProfilePressure_dbar:700/ CONFIG_PistonPark_COUNT:73/ CONFIG_ParkPressure_dbar:700 [Mission12] CONFIG_CycleTime_minutes:7200/ CONFIG_PistonProfile_COUNT:19/ CONFIG_ProfilePressure_dbar:700/ CONFIG_PistonPark_COUNT:74/ CONFIG_ParkPressure_dbar:700 [Mission13] CONFIG_CycleTime_minutes:7200/ CONFIG_PistonProfile_COUNT:19/ CONFIG_ProfilePressure_dbar:2000/ CONFIG_PistonPark_COUNT:73/ CONFIG_ParkPressure_dbar:700 [Mission14] CONFIG_CycleTime_minutes:7200/ CONFIG_PistonProfile_COUNT:18/ CONFIG_ProfilePressure_dbar:700/ CONFIG_PistonPark_COUNT:74/ CONFIG_ParkPressure_dbar:700 [Mission15] CONFIG_CycleTime_minutes:7200/ CONFIG_PistonProfile_COUNT:18/ CONFIG_ProfilePressure_dbar:2000/ CONFIG_PistonPark_COUNT:74/ CONFIG_ParkPressure_dbar:700 [Mission16] CONFIG_CycleTime_minutes:7200/ CONFIG_PistonProfile_COUNT:19/ CONFIG_ProfilePressure_dbar:2000/ CONFIG_PistonPark_COUNT:74/ CONFIG_ParkPressure_dbar:700 [Mission17] CONFIG_CycleTime_minutes:7200/ CONFIG_PistonProfile_COUNT:19/ CONFIG_ProfilePressure_dbar:700/ CONFIG_PistonPark_COUNT:75/ CONFIG_ParkPressure_dbar:700 [Mission18] CONFIG_CycleTime_minutes:7200/ CONFIG_PistonProfile_COUNT:19/ CONFIG_ProfilePressure_dbar:2000/ CONFIG_PistonPark_COUNT:75/ CONFIG_ParkPressure_dbar:700 [Mission19] CONFIG_CycleTime_minutes:7200/ CONFIG_PistonProfile_COUNT:20/ CONFIG_ProfilePressure_dbar:700/ CONFIG_PistonPark_COUNT:74/ CONFIG_ParkPressure_dbar:700 [Mission20] CONFIG_CycleTime_minutes:7200/ CONFIG_PistonProfile_COUNT:20/ CONFIG_ProfilePressure_dbar:2000/ CONFIG_PistonPark_COUNT:74/ CONFIG_ParkPressure_dbar:700 [Mission21] CONFIG_CycleTime_minutes:7200/ CONFIG_PistonProfile_COUNT:20/ CONFIG_ProfilePressure_dbar:700/ CONFIG_PistonPark_COUNT:75/ CONFIG_ParkPressure_dbar:700 [Mission22] CONFIG_CycleTime_minutes:7200/ CONFIG_PistonProfile_COUNT:20/ CONFIG_ProfilePressure_dbar:2000/ CONFIG_PistonPark_COUNT:75/ CONFIG_ParkPressure_dbar:700 [Mission23] CONFIG_CycleTime_minutes:7200/ CONFIG_PistonProfile_COUNT:19/ CONFIG_ProfilePressure_dbar:700/ CONFIG_PistonPark_COUNT:76/ CONFIG_ParkPressure_dbar:700 
6900788,16-Apr-2013,25-Feb-2015,3.1,ARGO_SPAIN,Pedro VELEZ BELCHI,SOCIB ICTS,SOCIB ICTS,SOCIB ICTS,SOCIB,TWR,APEX,6261,n/a,012811,n/a,IRIDIUM,8496,/ CTD_PRES/ CTD_TEMP/ CTD_CNDC,/ 4124/ 4124/ 4124,Alkaline,[Mission01] CONFIG_CycleTime_minutes:1433.3333/ CONFIG_PistonProfile_COUNT:15/ CONFIG_ProfilePressure_dbar:2000/ CONFIG_DownTime_minutes:6600/ CONFIG_PistonPark_COUNT:48/ CONFIG_ParkPressure_dbar:700 [Mission02] CONFIG_CycleTime_minutes:7200/ CONFIG_PistonProfile_COUNT:14/ CONFIG_ProfilePressure_dbar:700/ CONFIG_DownTime_minutes:6600/ CONFIG_PistonPark_COUNT:36/ CONFIG_ParkPressure_dbar:700 [Mission03] CONFIG_CycleTime_minutes:7200/ CONFIG_PistonProfile_COUNT:14/ CONFIG_ProfilePressure_dbar:700/ CONFIG_DownTime_minutes:6600/ CONFIG_PistonPark_COUNT:71/ CONFIG_ParkPressure_dbar:700 [Mission04] CONFIG_CycleTime_minutes:7200/ CONFIG_PistonProfile_COUNT:14/ CONFIG_ProfilePressure_dbar:700/ CONFIG_DownTime_minutes:6600/ CONFIG_PistonPark_COUNT:70/ CONFIG_ParkPressure_dbar:700 [Mission05] CONFIG_CycleTime_minutes:7200/ CONFIG_PistonProfile_COUNT:14/ CONFIG_ProfilePressure_dbar:700/ CONFIG_DownTime_minutes:6600/ CONFIG_PistonPark_COUNT:72/ CONFIG_ParkPressure_dbar:700 [Mission06] CONFIG_CycleTime_minutes:7200/ CONFIG_PistonProfile_COUNT:14/ CONFIG_ProfilePressure_dbar:700/ CONFIG_DownTime_minutes:6600/ CONFIG_PistonPark_COUNT:40/ CONFIG_ParkPressure_dbar:700 [Mission07] CONFIG_CycleTime_minutes:7200/ CONFIG_PistonProfile_COUNT:14/ CONFIG_ProfilePressure_dbar:700/ CONFIG_DownTime_minutes:6600/ CONFIG_PistonPark_COUNT:9/ CONFIG_ParkPressure_dbar:700 [Mission08] CONFIG_CycleTime_minutes:7200/ CONFIG_PistonProfile_COUNT:14/ CONFIG_ProfilePressure_dbar:2000/ CONFIG_DownTime_minutes:6600/ CONFIG_PistonPark_COUNT:9/ CONFIG_ParkPressure_dbar:700 [Mission09] CONFIG_CycleTime_minutes:7200/ CONFIG_PistonProfile_COUNT:13/ CONFIG_ProfilePressure_dbar:700/ CONFIG_DownTime_minutes:6600/ CONFIG_PistonPark_COUNT:9/ CONFIG_ParkPressure_dbar:700 [Mission10] CONFIG_CycleTime_minutes:7200/ CONFIG_PistonProfile_COUNT:13/ CONFIG_ProfilePressure_dbar:700/ CONFIG_DownTime_minutes:6600/ CONFIG_PistonPark_COUNT:44/ CONFIG_ParkPressure_dbar:700 [Mission11] CONFIG_CycleTime_minutes:7200/ CONFIG_PistonProfile_COUNT:13/ CONFIG_ProfilePressure_dbar:700/ CONFIG_DownTime_minutes:6600/ CONFIG_PistonPark_COUNT:70/ CONFIG_ParkPressure_dbar:700 [Mission12] CONFIG_CycleTime_minutes:7200/ CONFIG_PistonProfile_COUNT:13/ CONFIG_ProfilePressure_dbar:700/ CONFIG_DownTime_minutes:6600/ CONFIG_PistonPark_COUNT:61/ CONFIG_ParkPressure_dbar:700 [Mission13] CONFIG_CycleTime_minutes:7200/ CONFIG_PistonProfile_COUNT:13/ CONFIG_ProfilePressure_dbar:700/ CONFIG_DownTime_minutes:6600/ CONFIG_PistonPark_COUNT:73/ CONFIG_ParkPressure_dbar:700 [Mission14] CONFIG_CycleTime_minutes:7200/ CONFIG_PistonProfile_COUNT:13/ CONFIG_ProfilePressure_dbar:2000/ CONFIG_DownTime_minutes:6600/ CONFIG_PistonPark_COUNT:71/ CONFIG_ParkPressure_dbar:700 [Mission15] CONFIG_CycleTime_minutes:7200/ CONFIG_PistonProfile_COUNT:12/ CONFIG_ProfilePressure_dbar:700/ CONFIG_DownTime_minutes:6600/ CONFIG_PistonPark_COUNT:71/ CONFIG_ParkPressure_dbar:700 [Mission16] CONFIG_CycleTime_minutes:7200/ CONFIG_PistonProfile_COUNT:12/ CONFIG_ProfilePressure_dbar:2000/ CONFIG_DownTime_minutes:6600/ CONFIG_PistonPark_COUNT:72/ CONFIG_ParkPressure_dbar:700 [Mission17] CONFIG_CycleTime_minutes:7200/ CONFIG_PistonProfile_COUNT:11/ CONFIG_ProfilePressure_dbar:700/ CONFIG_DownTime_minutes:6600/ CONFIG_PistonPark_COUNT:71/ CONFIG_ParkPressure_dbar:700 [Mission18] CONFIG_CycleTime_minutes:7200/ CONFIG_PistonProfile_COUNT:11/ CONFIG_ProfilePressure_dbar:700/ CONFIG_DownTime_minutes:6600/ CONFIG_PistonPark_COUNT:72/ CONFIG_ParkPressure_dbar:700 [Mission19] CONFIG_CycleTime_minutes:7200/ CONFIG_PistonProfile_COUNT:11/ CONFIG_ProfilePressure_dbar:2000/ CONFIG_DownTime_minutes:6600/ CONFIG_PistonPark_COUNT:72/ CONFIG_ParkPressure_dbar:700 [Mission20] CONFIG_CycleTime_minutes:7200/ CONFIG_PistonProfile_COUNT:12/ CONFIG_ProfilePressure_dbar:700/ CONFIG_DownTime_minutes:6600/ CONFIG_PistonPark_COUNT:72/ CONFIG_ParkPressure_dbar:700 [Mission21] CONFIG_CycleTime_minutes:7200/ CONFIG_PistonProfile_COUNT:12/ CONFIG_ProfilePressure_dbar:700/ CONFIG_DownTime_minutes:6600/ CONFIG_PistonPark_COUNT:73/ CONFIG_ParkPressure_dbar:700 [Mission22] CONFIG_CycleTime_minutes:7200/ CONFIG_PistonProfile_COUNT:13/ CONFIG_ProfilePressure_dbar:700/ CONFIG_DownTime_minutes:6600/ CONFIG_PistonPark_COUNT:72/ CONFIG_ParkPressure_dbar:700 [Mission23] CONFIG_CycleTime_minutes:7200/ CONFIG_PistonProfile_COUNT:13/ CONFIG_ProfilePressure_dbar:2000/ CONFIG_DownTime_minutes:6600/ CONFIG_PistonPark_COUNT:72/ CONFIG_ParkPressure_dbar:700 [Mission24] CONFIG_CycleTime_minutes:7200/ CONFIG_PistonProfile_COUNT:14/ CONFIG_ProfilePressure_dbar:2000/ CONFIG_DownTime_minutes:6600/ CONFIG_PistonPark_COUNT:72/ CONFIG_ParkPressure_dbar:700 [Mission25] CONFIG_CycleTime_minutes:7200/ CONFIG_PistonProfile_COUNT:15/ CONFIG_ProfilePressure_dbar:700/ CONFIG_DownTime_minutes:6600/ CONFIG_PistonPark_COUNT:72/ CONFIG_ParkPressure_dbar:700 [Mission26] CONFIG_CycleTime_minutes:7200/ CONFIG_PistonProfile_COUNT:15/ CONFIG_ProfilePressure_dbar:2000/ CONFIG_DownTime_minutes:6600/ CONFIG_PistonPark_COUNT:72/ CONFIG_ParkPressure_dbar:700 [Mission27] CONFIG_CycleTime_minutes:7200/ CONFIG_PistonProfile_COUNT:16/ CONFIG_ProfilePressure_dbar:700/ CONFIG_DownTime_minutes:6600/ CONFIG_PistonPark_COUNT:72/ CONFIG_ParkPressure_dbar:700 [Mission28] CONFIG_CycleTime_minutes:7200/ CONFIG_PistonProfile_COUNT:16/ CONFIG_ProfilePressure_dbar:2000/ CONFIG_DownTime_minutes:6600/ CONFIG_PistonPark_COUNT:72/ CONFIG_ParkPressure_dbar:700 [Mission29] CONFIG_CycleTime_minutes:7200/ CONFIG_PistonProfile_COUNT:17/ CONFIG_ProfilePressure_dbar:700/ CONFIG_DownTime_minutes:6600/ CONFIG_PistonPark_COUNT:72/ CONFIG_ParkPressure_dbar:700 [Mission30] CONFIG_CycleTime_minutes:7200/ CONFIG_PistonProfile_COUNT:17/ CONFIG_ProfilePressure_dbar:2000/ CONFIG_DownTime_minutes:6600/ CONFIG_PistonPark_COUNT:72/ CONFIG_ParkPressure_dbar:700 [Mission31] CONFIG_CycleTime_minutes:7200/ CONFIG_PistonProfile_COUNT:16/ CONFIG_ProfilePressure_dbar:700/ CONFIG_DownTime_minutes:6600/ CONFIG_PistonPark_COUNT:73/ CONFIG_ParkPressure_dbar:700 [Mission32] CONFIG_CycleTime_minutes:7200/ CONFIG_PistonProfile_COUNT:16/ CONFIG_ProfilePressure_dbar:2000/ CONFIG_DownTime_minutes:6600/ CONFIG_PistonPark_COUNT:73/ CONFIG_ParkPressure_dbar:700 [Mission33] CONFIG_CycleTime_minutes:7200/ CONFIG_PistonProfile_COUNT:17/ CONFIG_ProfilePressure_dbar:700/ CONFIG_DownTime_minutes:6600/ CONFIG_PistonPark_COUNT:73/ CONFIG_ParkPressure_dbar:700 [Mission34] CONFIG_CycleTime_minutes:7200/ CONFIG_PistonProfile_COUNT:17/ CONFIG_ProfilePressure_dbar:2000/ CONFIG_DownTime_minutes:6600/ CONFIG_PistonPark_COUNT:73/ CONFIG_ParkPressure_dbar:700 [Mission35] CONFIG_CycleTime_minutes:7200/ CONFIG_PistonProfile_COUNT:18/ CONFIG_ProfilePressure_dbar:700/ CONFIG_DownTime_minutes:6600/ CONFIG_PistonPark_COUNT:73/ CONFIG_ParkPressure_dbar:700 [Mission36] CONFIG_CycleTime_minutes:7200/ CONFIG_PistonProfile_COUNT:18/ CONFIG_ProfilePressure_dbar:2000/ CONFIG_DownTime_minutes:6600/ CONFIG_PistonPark_COUNT:73/ CONFIG_ParkPressure_dbar:700 [Mission37] CONFIG_CycleTime_minutes:14400/ CONFIG_PistonProfile_COUNT:17/ CONFIG_ProfilePressure_dbar:500/ CONFIG_DownTime_minutes:13800/ CONFIG_PistonPark_COUNT:77/ CONFIG_ParkPressure_dbar:500 
6900789,14-Dec-2012,30-Sep-2015,3.1,ARGO_SPAIN,Pedro VELEZ BELCHI,IEO,IEO,RAPROCAN,Angeles Alvarino,TWR,APEX,6309,6138,061810,APF9A,ARGOS,118186,/ CTD_PRES/ CTD_TEMP/ CTD_CNDC,/ 5756/ 5756/ 5756,Alkaline,[Mission01] CONFIG_CycleTime_hours:26.8889/ CONFIG_ParkPressure_dbar:1000/ CONFIG_ProfilePressure_dbar:2000 [Mission02] CONFIG_CycleTime_hours:240/ CONFIG_ParkPressure_dbar:1000/ CONFIG_ProfilePressure_dbar:2000 
6901237,22-Dec-2012,11-May-2015,3.1,ARGO_SPAIN,Pedro VELEZ BELCHI,IEO,IEO,RAPROCAN,Angeles Alvarino,TWR,APEX,6310,7934,061810,APF9A,ARGOS,118191,/ CTD_PRES/ CTD_TEMP/ CTD_CNDC,/ 5752/ 5752/ 5752,Alkaline,[Mission01] CONFIG_CycleTime_hours:26.8889/ CONFIG_ParkPressure_dbar:1000/ CONFIG_ProfilePressure_dbar:2000 [Mission02] CONFIG_CycleTime_hours:240/ CONFIG_ParkPressure_dbar:1000/ CONFIG_ProfilePressure_dbar:2000 
6901238,18-Sep-2013,07-Nov-2015,3.1,ARGO_SPAIN,Pedro VELEZ BELCHI,IEO,IEO,Argo Spain,Angeles Alvarino,TWR,APEX,6311,7757,061810,APF9A,ARGOS,118187,/ CTD_PRES/ CTD_TEMP/ CTD_CNDC,/ 5759/ 5759/ 5759,Alkaline,[Mission01] CONFIG_CycleTime_hours:25.8889/ CONFIG_ParkPressure_dbar:1000/ CONFIG_ProfilePressure_dbar:2000 [Mission02] CONFIG_CycleTime_hours:240/ CONFIG_ParkPressure_dbar:1000/ CONFIG_ProfilePressure_dbar:2000 
6901239,30-Jul-2015,25-Jan-2018,3.1,ARGO_SPAIN,Pedro VELEZ BELCHI,IEO,IEO,Raprocan,Angeles Alvarino,TWR,APEX,6312,7930,061810,APF9A,ARGOS,118188,/ CTD_PRES/ CTD_TEMP/ CTD_CNDC,/ 5760/ 5760/ 5760,Alkaline,[Mission01] CONFIG_CycleTime_hours:25.8889/ CONFIG_ParkPressure_dbar:1000/ CONFIG_ProfilePressure_dbar:2000 [Mission02] CONFIG_CycleTime_hours:240/ CONFIG_ParkPressure_dbar:1000/ CONFIG_ProfilePressure_dbar:2000 
6901240,21-Apr-2014,10-Jan-2018,3.1,ARGO_SPAIN,Pedro VELEZ BELCHI,IEO,IEO,Raprocan,Angeles Alvarino,TWR,APEX,6313,8062,061810,APF9A,ARGOS,118189,/ CTD_PRES/ CTD_TEMP/ CTD_CNDC,/ 5749/ 5749/ 5749,Alkaline,[Mission01] CONFIG_CycleTime_hours:25.8889/ CONFIG_ParkPressure_dbar:1000/ CONFIG_ProfilePressure_dbar:2000 [Mission02] CONFIG_CycleTime_hours:240/ CONFIG_ParkPressure_dbar:1000/ CONFIG_ProfilePressure_dbar:2000 
6901241,10-Dec-2012,06-Oct-2015,3.1,ARGO_SPAIN,Pedro VELEZ BELCHI,IEO,IEO,Raprocan,Angeles Alvarino,TWR,APEX,6314,7940,061810,APF9A,ARGOS,118190,/ CTD_PRES/ CTD_TEMP/ CTD_CNDC,/ 5750/ 5750/ 5750,Alkaline,[Mission01] CONFIG_CycleTime_hours:25.8889/ CONFIG_ParkPressure_dbar:1000/ CONFIG_ProfilePressure_dbar:2000 [Mission02] CONFIG_CycleTime_hours:240/ CONFIG_ParkPressure_dbar:1000/ CONFIG_ProfilePressure_dbar:2000 
6901242,26-Apr-2015,07-Jun-2015,3.1,ARGO_SPAIN,Pedro VELEZ BELCHI,SOCIB ICTS,SOCIB ICTS,SOCIB ICTS,SOCIB,TWR,APEX,6900,n/a,012811,n/a,IRIDIUM,9253,/ CTD_PRES/ CTD_TEMP/ CTD_CNDC,/ n/a/ n/a/ n/a,Alkaline,[Mission01] CONFIG_CycleTime_minutes:1433.3333/ CONFIG_PistonProfile_COUNT:15/ CONFIG_ProfilePressure_dbar:2000/ CONFIG_PistonPark_COUNT:87/ CONFIG_ParkPressure_dbar:700 [Mission02] CONFIG_CycleTime_minutes:7200/ CONFIG_PistonProfile_COUNT:14/ CONFIG_ProfilePressure_dbar:700/ CONFIG_PistonPark_COUNT:87/ CONFIG_ParkPressure_dbar:700 [Mission03] CONFIG_CycleTime_minutes:7200/ CONFIG_PistonProfile_COUNT:14/ CONFIG_ProfilePressure_dbar:700/ CONFIG_PistonPark_COUNT:71/ CONFIG_ParkPressure_dbar:700 [Mission04] CONFIG_CycleTime_minutes:7200/ CONFIG_PistonProfile_COUNT:14/ CONFIG_ProfilePressure_dbar:700/ CONFIG_PistonPark_COUNT:73/ CONFIG_ParkPressure_dbar:700 [Mission05] CONFIG_CycleTime_minutes:7200/ CONFIG_PistonProfile_COUNT:14/ CONFIG_ProfilePressure_dbar:700/ CONFIG_PistonPark_COUNT:66/ CONFIG_ParkPressure_dbar:700 [Mission06] CONFIG_CycleTime_minutes:7200/ CONFIG_PistonProfile_COUNT:14/ CONFIG_ProfilePressure_dbar:700/ CONFIG_PistonPark_COUNT:31/ CONFIG_ParkPressure_dbar:700 [Mission07] CONFIG_CycleTime_minutes:7200/ CONFIG_PistonProfile_COUNT:14/ CONFIG_ProfilePressure_dbar:2000/ CONFIG_PistonPark_COUNT:9/ CONFIG_ParkPressure_dbar:700 [Mission08] CONFIG_CycleTime_minutes:7200/ CONFIG_PistonProfile_COUNT:13/ CONFIG_ProfilePressure_dbar:700/ CONFIG_PistonPark_COUNT:9/ CONFIG_ParkPressure_dbar:700 
6901243,22-Nov-2014,09-Mar-2017,3.1,ARGO_SPAIN,Pedro VELEZ BELCHI,SOCIB ICTS,SOCIB ICTS,SOCIB ICTS,SOCIB,TWR,APEX,6901,n/a,012811,n/a,IRIDIUM,9271,/ CTD_PRES/ CTD_TEMP/ CTD_CNDC,/ 5208/ 5208/ 5208,Alkaline,[Mission01] CONFIG_CycleTime_minutes:1433.3333/ CONFIG_PistonProfile_COUNT:16/ CONFIG_ProfilePressure_dbar:2000/ CONFIG_PistonPark_COUNT:87/ CONFIG_ParkPressure_dbar:700 [Mission02] CONFIG_CycleTime_minutes:7200/ CONFIG_PistonProfile_COUNT:15/ CONFIG_ProfilePressure_dbar:700/ CONFIG_PistonPark_COUNT:87/ CONFIG_ParkPressure_dbar:700 [Mission03] CONFIG_CycleTime_minutes:7200/ CONFIG_PistonProfile_COUNT:15/ CONFIG_ProfilePressure_dbar:700/ CONFIG_PistonPark_COUNT:66/ CONFIG_ParkPressure_dbar:700 [Mission04] CONFIG_CycleTime_minutes:7200/ CONFIG_PistonProfile_COUNT:15/ CONFIG_ProfilePressure_dbar:700/ CONFIG_PistonPark_COUNT:67/ CONFIG_ParkPressure_dbar:700 [Mission05] CONFIG_CycleTime_minutes:7200/ CONFIG_PistonProfile_COUNT:15/ CONFIG_ProfilePressure_dbar:2000/ CONFIG_PistonPark_COUNT:67/ CONFIG_ParkPressure_dbar:700 [Mission06] CONFIG_CycleTime_minutes:7200/ CONFIG_PistonProfile_COUNT:14/ CONFIG_ProfilePressure_dbar:700/ CONFIG_PistonPark_COUNT:67/ CONFIG_ParkPressure_dbar:700 [Mission07] CONFIG_CycleTime_minutes:7200/ CONFIG_PistonProfile_COUNT:14/ CONFIG_ProfilePressure_dbar:2000/ CONFIG_PistonPark_COUNT:67/ CONFIG_ParkPressure_dbar:700 [Mission08] CONFIG_CycleTime_minutes:7200/ CONFIG_PistonProfile_COUNT:13/ CONFIG_ProfilePressure_dbar:700/ CONFIG_PistonPark_COUNT:67/ CONFIG_ParkPressure_dbar:700 [Mission09] CONFIG_CycleTime_minutes:7200/ CONFIG_PistonProfile_COUNT:13/ CONFIG_ProfilePressure_dbar:2000/ CONFIG_PistonPark_COUNT:67/ CONFIG_ParkPressure_dbar:700 [Mission10] CONFIG_CycleTime_minutes:7200/ CONFIG_PistonProfile_COUNT:12/ CONFIG_ProfilePressure_dbar:700/ CONFIG_PistonPark_COUNT:67/ CONFIG_ParkPressure_dbar:700 [Mission11] CONFIG_CycleTime_minutes:7200/ CONFIG_PistonProfile_COUNT:12/ CONFIG_ProfilePressure_dbar:2000/ CONFIG_PistonPark_COUNT:67/ CONFIG_ParkPressure_dbar:700 [Mission12] CONFIG_CycleTime_minutes:7200/ CONFIG_PistonProfile_COUNT:11/ CONFIG_ProfilePressure_dbar:700/ CONFIG_PistonPark_COUNT:67/ CONFIG_ParkPressure_dbar:700 [Mission13] CONFIG_CycleTime_minutes:7200/ CONFIG_PistonProfile_COUNT:11/ CONFIG_ProfilePressure_dbar:700/ CONFIG_PistonPark_COUNT:68/ CONFIG_ParkPressure_dbar:700 [Mission14] CONFIG_CycleTime_minutes:7200/ CONFIG_PistonProfile_COUNT:11/ CONFIG_ProfilePressure_dbar:2000/ CONFIG_PistonPark_COUNT:67/ CONFIG_ParkPressure_dbar:700 [Mission15] CONFIG_CycleTime_minutes:7200/ CONFIG_PistonProfile_COUNT:12/ CONFIG_ProfilePressure_dbar:700/ CONFIG_PistonPark_COUNT:68/ CONFIG_ParkPressure_dbar:700 [Mission16] CONFIG_CycleTime_minutes:7200/ CONFIG_PistonProfile_COUNT:12/ CONFIG_ProfilePressure_dbar:2000/ CONFIG_PistonPark_COUNT:68/ CONFIG_ParkPressure_dbar:700 [Mission17] CONFIG_CycleTime_minutes:7200/ CONFIG_PistonProfile_COUNT:13/ CONFIG_ProfilePressure_dbar:700/ CONFIG_PistonPark_COUNT:68/ CONFIG_ParkPressure_dbar:700 [Mission18] CONFIG_CycleTime_minutes:7200/ CONFIG_PistonProfile_COUNT:13/ CONFIG_ProfilePressure_dbar:2000/ CONFIG_PistonPark_COUNT:68/ CONFIG_ParkPressure_dbar:700 [Mission19] CONFIG_CycleTime_minutes:7200/ CONFIG_PistonProfile_COUNT:12/ CONFIG_ProfilePressure_dbar:700/ CONFIG_PistonPark_COUNT:69/ CONFIG_ParkPressure_dbar:700 [Mission20] CONFIG_CycleTime_minutes:7200/ CONFIG_PistonProfile_COUNT:13/ CONFIG_ProfilePressure_dbar:700/ CONFIG_PistonPark_COUNT:69/ CONFIG_ParkPressure_dbar:700 [Mission21] CONFIG_CycleTime_minutes:7200/ CONFIG_PistonProfile_COUNT:13/ CONFIG_ProfilePressure_dbar:2000/ CONFIG_PistonPark_COUNT:69/ CONFIG_ParkPressure_dbar:700 [Mission22] CONFIG_CycleTime_minutes:7200/ CONFIG_PistonProfile_COUNT:12/ CONFIG_ProfilePressure_dbar:2000/ CONFIG_PistonPark_COUNT:69/ CONFIG_ParkPressure_dbar:700 [Mission23] CONFIG_CycleTime_minutes:7200/ CONFIG_PistonProfile_COUNT:14/ CONFIG_ProfilePressure_dbar:700/ CONFIG_PistonPark_COUNT:69/ CONFIG_ParkPressure_dbar:700 [Mission24] CONFIG_CycleTime_minutes:7200/ CONFIG_PistonProfile_COUNT:14/ CONFIG_ProfilePressure_dbar:2000/ CONFIG_PistonPark_COUNT:69/ CONFIG_ParkPressure_dbar:700 [Mission25] CONFIG_CycleTime_minutes:7200/ CONFIG_PistonProfile_COUNT:13/ CONFIG_ProfilePressure_dbar:700/ CONFIG_PistonPark_COUNT:70/ CONFIG_ParkPressure_dbar:700 [Mission26] CONFIG_CycleTime_minutes:7200/ CONFIG_PistonProfile_COUNT:14/ CONFIG_ProfilePressure_dbar:700/ CONFIG_PistonPark_COUNT:70/ CONFIG_ParkPressure_dbar:700 [Mission27] CONFIG_CycleTime_minutes:7200/ CONFIG_PistonProfile_COUNT:15/ CONFIG_ProfilePressure_dbar:700/ CONFIG_PistonPark_COUNT:70/ CONFIG_ParkPressure_dbar:700 [Mission28] CONFIG_CycleTime_minutes:7200/ CONFIG_PistonProfile_COUNT:15/ CONFIG_ProfilePressure_dbar:700/ CONFIG_PistonPark_COUNT:69/ CONFIG_ParkPressure_dbar:700 [Mission29] CONFIG_CycleTime_minutes:7200/ CONFIG_PistonProfile_COUNT:15/ CONFIG_ProfilePressure_dbar:2000/ CONFIG_PistonPark_COUNT:70/ CONFIG_ParkPressure_dbar:700 
6901244,28-Nov-2015,17-Jul-2016,3.1,ARGO_SPAIN,Pedro VELEZ BELCHI,SOCIB ICTS,SOCIB ICTS,SOCIB ICTS,SOCIB,TWR,APEX,6917,n/a,012811,n/a,IRIDIUM,9283,/ CTD_PRES/ CTD_TEMP/ CTD_CNDC,/ 6900/ 6900/ 6900,Alkaline,[Mission01] CONFIG_CycleTime_minutes:1433.3333/ CONFIG_PistonProfile_COUNT:16/ CONFIG_ProfilePressure_dbar:2000/ CONFIG_PistonPark_COUNT:87/ CONFIG_ParkPressure_dbar:700 [Mission02] CONFIG_CycleTime_minutes:7200/ CONFIG_PistonProfile_COUNT:15/ CONFIG_ProfilePressure_dbar:700/ CONFIG_PistonPark_COUNT:87/ CONFIG_ParkPressure_dbar:700 [Mission03] CONFIG_CycleTime_minutes:7200/ CONFIG_PistonProfile_COUNT:15/ CONFIG_ProfilePressure_dbar:700/ CONFIG_PistonPark_COUNT:70/ CONFIG_ParkPressure_dbar:700 [Mission04] CONFIG_CycleTime_minutes:7200/ CONFIG_PistonProfile_COUNT:15/ CONFIG_ProfilePressure_dbar:700/ CONFIG_PistonPark_COUNT:69/ CONFIG_ParkPressure_dbar:700 [Mission05] CONFIG_CycleTime_minutes:7200/ CONFIG_PistonProfile_COUNT:15/ CONFIG_ProfilePressure_dbar:700/ CONFIG_PistonPark_COUNT:34/ CONFIG_ParkPressure_dbar:700 [Mission06] CONFIG_CycleTime_minutes:7200/ CONFIG_PistonProfile_COUNT:15/ CONFIG_ProfilePressure_dbar:700/ CONFIG_PistonPark_COUNT:9/ CONFIG_ParkPressure_dbar:700 [Mission07] CONFIG_CycleTime_minutes:7200/ CONFIG_PistonProfile_COUNT:15/ CONFIG_ProfilePressure_dbar:2000/ CONFIG_PistonPark_COUNT:9/ CONFIG_ParkPressure_dbar:700 [Mission08] CONFIG_CycleTime_minutes:7200/ CONFIG_PistonProfile_COUNT:14/ CONFIG_ProfilePressure_dbar:700/ CONFIG_PistonPark_COUNT:9/ CONFIG_ParkPressure_dbar:700 [Mission09] CONFIG_CycleTime_minutes:7200/ CONFIG_PistonProfile_COUNT:14/ CONFIG_ProfilePressure_dbar:2000/ CONFIG_PistonPark_COUNT:9/ CONFIG_ParkPressure_dbar:700 [Mission10] CONFIG_CycleTime_minutes:7200/ CONFIG_PistonProfile_COUNT:13/ CONFIG_ProfilePressure_dbar:700/ CONFIG_PistonPark_COUNT:9/ CONFIG_ParkPressure_dbar:700 [Mission11] CONFIG_CycleTime_minutes:7200/ CONFIG_PistonProfile_COUNT:13/ CONFIG_ProfilePressure_dbar:2000/ CONFIG_PistonPark_COUNT:9/ CONFIG_ParkPressure_dbar:700 [Mission12] CONFIG_CycleTime_minutes:7200/ CONFIG_PistonProfile_COUNT:12/ CONFIG_ProfilePressure_dbar:700/ CONFIG_PistonPark_COUNT:9/ CONFIG_ParkPressure_dbar:700 [Mission13] CONFIG_CycleTime_minutes:7200/ CONFIG_PistonProfile_COUNT:12/ CONFIG_ProfilePressure_dbar:2000/ CONFIG_PistonPark_COUNT:9/ CONFIG_ParkPressure_dbar:700 [Mission14] CONFIG_CycleTime_minutes:7200/ CONFIG_PistonProfile_COUNT:11/ CONFIG_ProfilePressure_dbar:700/ CONFIG_PistonPark_COUNT:9/ CONFIG_ParkPressure_dbar:700 [Mission15] CONFIG_CycleTime_minutes:7200/ CONFIG_PistonProfile_COUNT:11/ CONFIG_ProfilePressure_dbar:2000/ CONFIG_PistonPark_COUNT:9/ CONFIG_ParkPressure_dbar:700 [Mission16] CONFIG_CycleTime_minutes:7200/ CONFIG_PistonProfile_COUNT:10/ CONFIG_ProfilePressure_dbar:700/ CONFIG_PistonPark_COUNT:9/ CONFIG_ParkPressure_dbar:700 
6901245,23-Nov-2014,13-Oct-2018,3.1,ARGO_SPAIN,Pedro VELEZ BELCHI,SOCIB ICTS,SOCIB ICTS,,SOCIB,NKE,ARVOR,OIN-14SP-AR-I01,n/a,5605A06,n/a,IRIDIUM,039922,/ CTD_PRES/ CTD_TEMP/ CTD_CNDC,/ n/a/ n/a/ n/a,Lithium,[Mission01] CONFIG_MaxCycles_NUMBER:400/ CONFIG_CycleTime_days:99999/ CONFIG_DescentToParkPresSamplingTime_seconds:10/ CONFIG_ParkPressure_dbar:700/ CONFIG_ProfilePressure_dbar:2000/ CONFIG_TransmissionPeriodEndOfLife_minutes:99999/ CONFIG_TelemetryRepeatSessionDelay_minutes:99999/ CONFIG_Direction_NUMBER:3 [Mission02] CONFIG_MaxCycles_NUMBER:400/ CONFIG_CycleTime_days:5/ CONFIG_DescentToParkPresSamplingTime_seconds:0/ CONFIG_ParkPressure_dbar:700/ CONFIG_ProfilePressure_dbar:2000/ CONFIG_TransmissionPeriodEndOfLife_minutes:60/ CONFIG_TelemetryRepeatSessionDelay_minutes:0/ CONFIG_Direction_NUMBER:1 [Mission03] CONFIG_MaxCycles_NUMBER:400/ CONFIG_CycleTime_days:2/ CONFIG_DescentToParkPresSamplingTime_seconds:0/ CONFIG_ParkPressure_dbar:900/ CONFIG_ProfilePressure_dbar:2000/ CONFIG_TransmissionPeriodEndOfLife_minutes:60/ CONFIG_TelemetryRepeatSessionDelay_minutes:0/ CONFIG_Direction_NUMBER:1 [Mission04] CONFIG_MaxCycles_NUMBER:300/ CONFIG_CycleTime_days:2/ CONFIG_DescentToParkPresSamplingTime_seconds:0/ CONFIG_ParkPressure_dbar:900/ CONFIG_ProfilePressure_dbar:2000/ CONFIG_TransmissionPeriodEndOfLife_minutes:60/ CONFIG_TelemetryRepeatSessionDelay_minutes:0/ CONFIG_Direction_NUMBER:1 [Mission05] CONFIG_MaxCycles_NUMBER:300/ CONFIG_CycleTime_days:5/ CONFIG_DescentToParkPresSamplingTime_seconds:0/ CONFIG_ParkPressure_dbar:900/ CONFIG_ProfilePressure_dbar:2000/ CONFIG_TransmissionPeriodEndOfLife_minutes:60/ CONFIG_TelemetryRepeatSessionDelay_minutes:0/ CONFIG_Direction_NUMBER:1 [Mission06] CONFIG_MaxCycles_NUMBER:300/ CONFIG_CycleTime_days:5/ CONFIG_DescentToParkPresSamplingTime_seconds:0/ CONFIG_ParkPressure_dbar:500/ CONFIG_ProfilePressure_dbar:800/ CONFIG_TransmissionPeriodEndOfLife_minutes:60/ CONFIG_TelemetryRepeatSessionDelay_minutes:0/ CONFIG_Direction_NUMBER:1 [Mission07] CONFIG_MaxCycles_NUMBER:300/ CONFIG_CycleTime_days:5/ CONFIG_DescentToParkPresSamplingTime_seconds:0/ CONFIG_ParkPressure_dbar:200/ CONFIG_ProfilePressure_dbar:800/ CONFIG_TransmissionPeriodEndOfLife_minutes:60/ CONFIG_TelemetryRepeatSessionDelay_minutes:0/ CONFIG_Direction_NUMBER:1 [Mission08] CONFIG_MaxCycles_NUMBER:300/ CONFIG_CycleTime_days:5/ CONFIG_DescentToParkPresSamplingTime_seconds:0/ CONFIG_ParkPressure_dbar:700/ CONFIG_ProfilePressure_dbar:2000/ CONFIG_TransmissionPeriodEndOfLife_minutes:60/ CONFIG_TelemetryRepeatSessionDelay_minutes:0/ CONFIG_Direction_NUMBER:1 [Mission09] CONFIG_MaxCycles_NUMBER:300/ CONFIG_CycleTime_days:2/ CONFIG_DescentToParkPresSamplingTime_seconds:0/ CONFIG_ParkPressure_dbar:700/ CONFIG_ProfilePressure_dbar:2000/ CONFIG_TransmissionPeriodEndOfLife_minutes:60/ CONFIG_TelemetryRepeatSessionDelay_minutes:0/ CONFIG_Direction_NUMBER:1 
6901246,06-Mar-2015,06-Oct-2016,3.1,Euro-Argo,VELEZ BELCHI Pedro,,,,Angeles Alvari?o,NKE,ARVOR_D,OIN 14SP DP 01,n/a,n/a,n/a,IRIDIUM,142337,/ CTD_PRES/ CTD_TEMP/ CTD_CNDC,/ 5723/ 5723/ 5723,n/a,[Mission01] CONFIG_MaxCycles_NUMBER:99999/ CONFIG_CycleTime_days:99999/ CONFIG_FloatReferenceDay_FloatDay:1/ CONFIG_SurfaceTime_HH:17/ CONFIG_DescentToParkPresSamplingTime_seconds:99999/ CONFIG_ParkSamplingPeriod_hours:166.65/ CONFIG_AscentSamplingPeriod_seconds:99999/ CONFIG_ParkPressure_dbar:1000/ CONFIG_ProfilePressure_dbar:3000/ CONFIG_PressureThresholdDataReductionShallowToIntermediate_dbar:99999/ CONFIG_PressureThresholdDataReductionIntermediateToDeep_dbar:99999/ CONFIG_ProfileSurfaceSlicesThickness_dbar:99999/ CONFIG_ProfileIntermediateSlicesThickness_dbar:99999/ CONFIG_ProfileBottomSlicesThickness_dbar:99999/ CONFIG_TransmissionPeriodEndOfLife_minutes:99999/ CONFIG_TelemetryRepeatSessionDelay_minutes:99999/ CONFIG_TimeDelaybeforeDescentRetryWhenStuckAtSurface_minutes:99999/ CONFIG_SurfaceValveMaxTimeAdditionalActions_csec:99999/ CONFIG_OilVolumeMaxPerValveAction_cm^3:99999/ CONFIG_PumpActionMaxTimeReposition_csec:99999/ CONFIG_PumpActionMaxTimeAscent_csec:99999/ CONFIG_PumpActionTimeBuoyancyAcquisition_csec:99999/ CONFIG_PressureTargetToleranceForStabilisation_dbar:99999/ CONFIG_PressureMaxBeforeEmergencyAscent_dbar:99999/ CONFIG_BuoyancyReductionFirstThreshold_dbar:99999/ CONFIG_BuoyancyReductionSecondThreshold_dbar:99999/ CONFIG_NumberOfOutOfTolerancePresBeforeReposition_COUNT:99999/ CONFIG_GroundingMode_LOGICAL:99999/ CONFIG_OilVolumeMinForGroundingDetection_cm^3:99999/ CONFIG_GroundingModeMinPresThreshold_dbar:99999/ CONFIG_GroundingModePresAdjustment_dbar:99999/ CONFIG_PressureTargetToleranceDuringDrift_dbar:99999/ CONFIG_CTDPowerAcquisitionMode_NUMBER:99999/ CONFIG_DescentSpeed_mm/s:99999/ CONFIG_CTDPumpStopPressure_dbar:99999/ CONFIG_OptodePowerAcquisitionMode_NUMBER:99999/ CONFIG_AscentEndThreshold_dbar:99999/ CONFIG_AscentSpeed_mm/s:99999/ CONFIG_PressureCheckTimeAscent_minutes:99999/ CONFIG_AscentVerticalThresholdForBuoyancyAction_dbar:99999/ CONFIG_PressureCheckTimeDescent_minutes:99999/ CONFIG_DescentVerticalThresholdForBuoyancyAction_dbar:99999/ CONFIG_MaxAttemptsGPSAcquisitionBeforeResetGPS_COUNT:99999/ CONFIG_HydraulicDataTransmission_LOGICAL:99999/ CONFIG_InternalPressureCalibrationCoef1_NUMBER:99999/ CONFIG_InternalPressureCalibrationCoef2_NUMBER:99999/ CONFIG_Direction_NUMBER:3/ CONFIG_CTDPumpStopPressurePlusThreshold_dbar:99999 [Mission02] CONFIG_MaxCycles_NUMBER:255/ CONFIG_CycleTime_days:5/ CONFIG_FloatReferenceDay_FloatDay:3/ CONFIG_SurfaceTime_HH:6/ CONFIG_DescentToParkPresSamplingTime_seconds:10/ CONFIG_ParkSamplingPeriod_hours:12/ CONFIG_AscentSamplingPeriod_seconds:10/ CONFIG_ParkPressure_dbar:1000/ CONFIG_ProfilePressure_dbar:3000/ CONFIG_PressureThresholdDataReductionShallowToIntermediate_dbar:10/ CONFIG_PressureThresholdDataReductionIntermediateToDeep_dbar:200/ CONFIG_ProfileSurfaceSlicesThickness_dbar:1/ CONFIG_ProfileIntermediateSlicesThickness_dbar:10/ CONFIG_ProfileBottomSlicesThickness_dbar:25/ CONFIG_TransmissionPeriodEndOfLife_minutes:60/ CONFIG_TelemetryRepeatSessionDelay_minutes:0/ CONFIG_TimeDelaybeforeDescentRetryWhenStuckAtSurface_minutes:1/ CONFIG_SurfaceValveMaxTimeAdditionalActions_csec:1100/ CONFIG_OilVolumeMaxPerValveAction_cm^3:17/ CONFIG_PumpActionMaxTimeReposition_csec:450/ CONFIG_PumpActionMaxTimeAscent_csec:1120/ CONFIG_PumpActionTimeBuoyancyAcquisition_csec:24000/ CONFIG_PressureTargetToleranceForStabilisation_dbar:50/ CONFIG_PressureMaxBeforeEmergencyAscent_dbar:4220/ CONFIG_BuoyancyReductionFirstThreshold_dbar:2/ CONFIG_BuoyancyReductionSecondThreshold_dbar:7/ CONFIG_NumberOfOutOfTolerancePresBeforeReposition_COUNT:2/ CONFIG_GroundingMode_LOGICAL:0/ CONFIG_OilVolumeMinForGroundingDetection_cm^3:47/ CONFIG_GroundingModeMinPresThreshold_dbar:200/ CONFIG_GroundingModePresAdjustment_dbar:100/ CONFIG_PressureTargetToleranceDuringDrift_dbar:50/ CONFIG_CTDPowerAcquisitionMode_NUMBER:1/ CONFIG_DescentSpeed_mm/s:30/ CONFIG_CTDPumpStopPressure_dbar:5/ CONFIG_OptodePowerAcquisitionMode_NUMBER:1/ CONFIG_AscentEndThreshold_dbar:10/ CONFIG_AscentSpeed_mm/s:90/ CONFIG_PressureCheckTimeAscent_minutes:2/ CONFIG_AscentVerticalThresholdForBuoyancyAction_dbar:10/ CONFIG_PressureCheckTimeDescent_minutes:5/ CONFIG_DescentVerticalThresholdForBuoyancyAction_dbar:4/ CONFIG_MaxAttemptsGPSAcquisitionBeforeResetGPS_COUNT:24/ CONFIG_HydraulicDataTransmission_LOGICAL:1/ CONFIG_InternalPressureCalibrationCoef1_NUMBER:1.599/ CONFIG_InternalPressureCalibrationCoef2_NUMBER:-68/ CONFIG_Direction_NUMBER:3/ CONFIG_CTDPumpStopPressurePlusThreshold_dbar:5.5 [Mission03] CONFIG_MaxCycles_NUMBER:255/ CONFIG_CycleTime_days:5/ CONFIG_FloatReferenceDay_FloatDay:3/ CONFIG_SurfaceTime_HH:6/ CONFIG_DescentToParkPresSamplingTime_seconds:0/ CONFIG_ParkSamplingPeriod_hours:12/ CONFIG_AscentSamplingPeriod_seconds:10/ CONFIG_ParkPressure_dbar:1000/ CONFIG_ProfilePressure_dbar:3000/ CONFIG_PressureThresholdDataReductionShallowToIntermediate_dbar:10/ CONFIG_PressureThresholdDataReductionIntermediateToDeep_dbar:200/ CONFIG_ProfileSurfaceSlicesThickness_dbar:1/ CONFIG_ProfileIntermediateSlicesThickness_dbar:10/ CONFIG_ProfileBottomSlicesThickness_dbar:25/ CONFIG_TransmissionPeriodEndOfLife_minutes:60/ CONFIG_TelemetryRepeatSessionDelay_minutes:0/ CONFIG_TimeDelaybeforeDescentRetryWhenStuckAtSurface_minutes:1/ CONFIG_SurfaceValveMaxTimeAdditionalActions_csec:1100/ CONFIG_OilVolumeMaxPerValveAction_cm^3:17/ CONFIG_PumpActionMaxTimeReposition_csec:450/ CONFIG_PumpActionMaxTimeAscent_csec:1120/ CONFIG_PumpActionTimeBuoyancyAcquisition_csec:24000/ CONFIG_PressureTargetToleranceForStabilisation_dbar:50/ CONFIG_PressureMaxBeforeEmergencyAscent_dbar:4220/ CONFIG_BuoyancyReductionFirstThreshold_dbar:2/ CONFIG_BuoyancyReductionSecondThreshold_dbar:7/ CONFIG_NumberOfOutOfTolerancePresBeforeReposition_COUNT:2/ CONFIG_GroundingMode_LOGICAL:0/ CONFIG_OilVolumeMinForGroundingDetection_cm^3:47/ CONFIG_GroundingModeMinPresThreshold_dbar:200/ CONFIG_GroundingModePresAdjustment_dbar:100/ CONFIG_PressureTargetToleranceDuringDrift_dbar:50/ CONFIG_CTDPowerAcquisitionMode_NUMBER:1/ CONFIG_DescentSpeed_mm/s:30/ CONFIG_CTDPumpStopPressure_dbar:5/ CONFIG_OptodePowerAcquisitionMode_NUMBER:1/ CONFIG_AscentEndThreshold_dbar:10/ CONFIG_AscentSpeed_mm/s:90/ CONFIG_PressureCheckTimeAscent_minutes:2/ CONFIG_AscentVerticalThresholdForBuoyancyAction_dbar:10/ CONFIG_PressureCheckTimeDescent_minutes:5/ CONFIG_DescentVerticalThresholdForBuoyancyAction_dbar:4/ CONFIG_MaxAttemptsGPSAcquisitionBeforeResetGPS_COUNT:24/ CONFIG_HydraulicDataTransmission_LOGICAL:1/ CONFIG_InternalPressureCalibrationCoef1_NUMBER:1.599/ CONFIG_InternalPressureCalibrationCoef2_NUMBER:-68/ CONFIG_Direction_NUMBER:1/ CONFIG_CTDPumpStopPressurePlusThreshold_dbar:5.5 [Mission04] CONFIG_MaxCycles_NUMBER:255/ CONFIG_CycleTime_days:5/ CONFIG_FloatReferenceDay_FloatDay:3/ CONFIG_SurfaceTime_HH:6/ CONFIG_DescentToParkPresSamplingTime_seconds:0/ CONFIG_ParkSamplingPeriod_hours:12/ CONFIG_AscentSamplingPeriod_seconds:10/ CONFIG_ParkPressure_dbar:1000/ CONFIG_ProfilePressure_dbar:4000/ CONFIG_PressureThresholdDataReductionShallowToIntermediate_dbar:10/ CONFIG_PressureThresholdDataReductionIntermediateToDeep_dbar:200/ CONFIG_ProfileSurfaceSlicesThickness_dbar:1/ CONFIG_ProfileIntermediateSlicesThickness_dbar:10/ CONFIG_ProfileBottomSlicesThickness_dbar:25/ CONFIG_TransmissionPeriodEndOfLife_minutes:60/ CONFIG_TelemetryRepeatSessionDelay_minutes:0/ CONFIG_TimeDelaybeforeDescentRetryWhenStuckAtSurface_minutes:1/ CONFIG_SurfaceValveMaxTimeAdditionalActions_csec:1100/ CONFIG_OilVolumeMaxPerValveAction_cm^3:17/ CONFIG_PumpActionMaxTimeReposition_csec:450/ CONFIG_PumpActionMaxTimeAscent_csec:1120/ CONFIG_PumpActionTimeBuoyancyAcquisition_csec:24000/ CONFIG_PressureTargetToleranceForStabilisation_dbar:50/ CONFIG_PressureMaxBeforeEmergencyAscent_dbar:4220/ CONFIG_BuoyancyReductionFirstThreshold_dbar:2/ CONFIG_BuoyancyReductionSecondThreshold_dbar:7/ CONFIG_NumberOfOutOfTolerancePresBeforeReposition_COUNT:2/ CONFIG_GroundingMode_LOGICAL:0/ CONFIG_OilVolumeMinForGroundingDetection_cm^3:47/ CONFIG_GroundingModeMinPresThreshold_dbar:200/ CONFIG_GroundingModePresAdjustment_dbar:100/ CONFIG_PressureTargetToleranceDuringDrift_dbar:50/ CONFIG_CTDPowerAcquisitionMode_NUMBER:1/ CONFIG_DescentSpeed_mm/s:30/ CONFIG_CTDPumpStopPressure_dbar:5/ CONFIG_OptodePowerAcquisitionMode_NUMBER:0/ CONFIG_AscentEndThreshold_dbar:10/ CONFIG_AscentSpeed_mm/s:90/ CONFIG_PressureCheckTimeAscent_minutes:2/ CONFIG_AscentVerticalThresholdForBuoyancyAction_dbar:10/ CONFIG_PressureCheckTimeDescent_minutes:5/ CONFIG_DescentVerticalThresholdForBuoyancyAction_dbar:4/ CONFIG_MaxAttemptsGPSAcquisitionBeforeResetGPS_COUNT:24/ CONFIG_HydraulicDataTransmission_LOGICAL:1/ CONFIG_InternalPressureCalibrationCoef1_NUMBER:1.599/ CONFIG_InternalPressureCalibrationCoef2_NUMBER:-68/ CONFIG_Direction_NUMBER:1/ CONFIG_CTDPumpStopPressurePlusThreshold_dbar:5.5 
6901247,22-Jul-2015,29-May-2017,3.1,ARGO_SPAIN,Pedro VELEZ BELCHI,SOCIB ICTS,SOCIB ICTS,SOCIB ICTS,SOCIB,TWR,APEX,6900,n/a,012811,n/a,IRIDIUM,9253,/ CTD_PRES/ CTD_TEMP/ CTD_CNDC,/ n/a/ n/a/ n/a,Alkaline,[Mission01] CONFIG_CycleTime_minutes:1433.3333/ CONFIG_PistonProfile_COUNT:16/ CONFIG_ProfilePressure_dbar:2000/ CONFIG_PistonPark_COUNT:87/ CONFIG_ParkPressure_dbar:700 [Mission02] CONFIG_CycleTime_minutes:7200/ CONFIG_PistonProfile_COUNT:15/ CONFIG_ProfilePressure_dbar:700/ CONFIG_PistonPark_COUNT:87/ CONFIG_ParkPressure_dbar:700 [Mission03] CONFIG_CycleTime_minutes:7200/ CONFIG_PistonProfile_COUNT:15/ CONFIG_ProfilePressure_dbar:700/ CONFIG_PistonPark_COUNT:77/ CONFIG_ParkPressure_dbar:700 [Mission04] CONFIG_CycleTime_minutes:7200/ CONFIG_PistonProfile_COUNT:15/ CONFIG_ProfilePressure_dbar:700/ CONFIG_PistonPark_COUNT:47/ CONFIG_ParkPressure_dbar:700 [Mission05] CONFIG_CycleTime_minutes:7200/ CONFIG_PistonProfile_COUNT:15/ CONFIG_ProfilePressure_dbar:700/ CONFIG_PistonPark_COUNT:78/ CONFIG_ParkPressure_dbar:700 [Mission06] CONFIG_CycleTime_minutes:7200/ CONFIG_PistonProfile_COUNT:15/ CONFIG_ProfilePressure_dbar:700/ CONFIG_PistonPark_COUNT:73/ CONFIG_ParkPressure_dbar:700 [Mission07] CONFIG_CycleTime_minutes:7200/ CONFIG_PistonProfile_COUNT:15/ CONFIG_ProfilePressure_dbar:2000/ CONFIG_PistonPark_COUNT:77/ CONFIG_ParkPressure_dbar:700 [Mission08] CONFIG_CycleTime_minutes:7200/ CONFIG_PistonProfile_COUNT:14/ CONFIG_ProfilePressure_dbar:700/ CONFIG_PistonPark_COUNT:77/ CONFIG_ParkPressure_dbar:700 [Mission09] CONFIG_CycleTime_minutes:7200/ CONFIG_PistonProfile_COUNT:14/ CONFIG_ProfilePressure_dbar:700/ CONFIG_PistonPark_COUNT:78/ CONFIG_ParkPressure_dbar:700 [Mission10] CONFIG_CycleTime_minutes:7200/ CONFIG_PistonProfile_COUNT:14/ CONFIG_ProfilePressure_dbar:2000/ CONFIG_PistonPark_COUNT:77/ CONFIG_ParkPressure_dbar:700 [Mission11] CONFIG_CycleTime_minutes:7200/ CONFIG_PistonProfile_COUNT:13/ CONFIG_ProfilePressure_dbar:700/ CONFIG_PistonPark_COUNT:78/ CONFIG_ParkPressure_dbar:700 [Mission12] CONFIG_CycleTime_minutes:7200/ CONFIG_PistonProfile_COUNT:13/ CONFIG_ProfilePressure_dbar:700/ CONFIG_PistonPark_COUNT:77/ CONFIG_ParkPressure_dbar:700 [Mission13] CONFIG_CycleTime_minutes:7200/ CONFIG_PistonProfile_COUNT:13/ CONFIG_ProfilePressure_dbar:2000/ CONFIG_PistonPark_COUNT:78/ CONFIG_ParkPressure_dbar:700 [Mission14] CONFIG_CycleTime_minutes:7200/ CONFIG_PistonProfile_COUNT:12/ CONFIG_ProfilePressure_dbar:700/ CONFIG_PistonPark_COUNT:77/ CONFIG_ParkPressure_dbar:700 [Mission15] CONFIG_CycleTime_minutes:7200/ CONFIG_PistonProfile_COUNT:12/ CONFIG_ProfilePressure_dbar:700/ CONFIG_PistonPark_COUNT:78/ CONFIG_ParkPressure_dbar:700 [Mission16] CONFIG_CycleTime_minutes:7200/ CONFIG_PistonProfile_COUNT:12/ CONFIG_ProfilePressure_dbar:2000/ CONFIG_PistonPark_COUNT:78/ CONFIG_ParkPressure_dbar:700 [Mission17] CONFIG_CycleTime_minutes:7200/ CONFIG_PistonProfile_COUNT:11/ CONFIG_ProfilePressure_dbar:700/ CONFIG_PistonPark_COUNT:78/ CONFIG_ParkPressure_dbar:700 [Mission18] CONFIG_CycleTime_minutes:7200/ CONFIG_PistonProfile_COUNT:11/ CONFIG_ProfilePressure_dbar:700/ CONFIG_PistonPark_COUNT:77/ CONFIG_ParkPressure_dbar:700 [Mission19] CONFIG_CycleTime_minutes:7200/ CONFIG_PistonProfile_COUNT:11/ CONFIG_ProfilePressure_dbar:2000/ CONFIG_PistonPark_COUNT:77/ CONFIG_ParkPressure_dbar:700 [Mission20] CONFIG_CycleTime_minutes:7200/ CONFIG_PistonProfile_COUNT:10/ CONFIG_ProfilePressure_dbar:700/ CONFIG_PistonPark_COUNT:77/ CONFIG_ParkPressure_dbar:700 [Mission21] CONFIG_CycleTime_minutes:7200/ CONFIG_PistonProfile_COUNT:10/ CONFIG_ProfilePressure_dbar:700/ CONFIG_PistonPark_COUNT:78/ CONFIG_ParkPressure_dbar:700 [Mission22] CONFIG_CycleTime_minutes:7200/ CONFIG_PistonProfile_COUNT:10/ CONFIG_ProfilePressure_dbar:2000/ CONFIG_PistonPark_COUNT:77/ CONFIG_ParkPressure_dbar:700 [Mission23] CONFIG_CycleTime_minutes:7200/ CONFIG_PistonProfile_COUNT:9/ CONFIG_ProfilePressure_dbar:700/ CONFIG_PistonPark_COUNT:77/ CONFIG_ParkPressure_dbar:700 [Mission24] CONFIG_CycleTime_minutes:7200/ CONFIG_PistonProfile_COUNT:9/ CONFIG_ProfilePressure_dbar:2000/ CONFIG_PistonPark_COUNT:77/ CONFIG_ParkPressure_dbar:700 [Mission25] CONFIG_CycleTime_minutes:7200/ CONFIG_PistonProfile_COUNT:9/ CONFIG_ProfilePressure_dbar:700/ CONFIG_PistonPark_COUNT:78/ CONFIG_ParkPressure_dbar:700 [Mission26] CONFIG_CycleTime_minutes:7200/ CONFIG_PistonProfile_COUNT:9/ CONFIG_ProfilePressure_dbar:2000/ CONFIG_PistonPark_COUNT:78/ CONFIG_ParkPressure_dbar:700 
6901248,08-Nov-2016,27-Apr-2018,3.1,Euro-Argo,VELEZ BELCHI Pedro,,,,n/a,NKE,ARVOR_D,OIN 14SP DP 01,n/a,n/a,n/a,IRIDIUM,309983,/ CTD_PRES/ CTD_TEMP/ CTD_CNDC,/ n/a/ n/a/ n/a,n/a,[Mission01] CONFIG_MaxCycles_NUMBER:255/ CONFIG_CycleTime_days:5/ CONFIG_FloatReferenceDay_FloatDay:2/ CONFIG_SurfaceTime_HH:6/ CONFIG_DescentToParkPresSamplingTime_seconds:0/ CONFIG_ParkSamplingPeriod_hours:12/ CONFIG_AscentSamplingPeriod_seconds:10/ CONFIG_ParkPressure_dbar:1000/ CONFIG_ProfilePressure_dbar:4000/ CONFIG_PressureThresholdDataReductionShallowToIntermediate_dbar:10/ CONFIG_PressureThresholdDataReductionIntermediateToDeep_dbar:200/ CONFIG_ProfileSurfaceSlicesThickness_dbar:1/ CONFIG_ProfileIntermediateSlicesThickness_dbar:10/ CONFIG_ProfileBottomSlicesThickness_dbar:25/ CONFIG_TransmissionPeriodEndOfLife_minutes:60/ CONFIG_TelemetryRepeatSessionDelay_minutes:0/ CONFIG_TimeDelaybeforeDescentRetryWhenStuckAtSurface_minutes:1/ CONFIG_SurfaceValveMaxTimeAdditionalActions_csec:1100/ CONFIG_OilVolumeMaxPerValveAction_cm^3:17/ CONFIG_PumpActionMaxTimeReposition_csec:450/ CONFIG_PumpActionMaxTimeAscent_csec:1120/ CONFIG_PumpActionTimeBuoyancyAcquisition_csec:28000/ CONFIG_PressureTargetToleranceForStabilisation_dbar:50/ CONFIG_PressureMaxBeforeEmergencyAscent_dbar:4220/ CONFIG_BuoyancyReductionFirstThreshold_dbar:2/ CONFIG_BuoyancyReductionSecondThreshold_dbar:7/ CONFIG_NumberOfOutOfTolerancePresBeforeReposition_COUNT:2/ CONFIG_GroundingMode_LOGICAL:0/ CONFIG_OilVolumeMinForGroundingDetection_cm^3:47/ CONFIG_GroundingModeMinPresThreshold_dbar:200/ CONFIG_GroundingModePresAdjustment_dbar:100/ CONFIG_PressureTargetToleranceDuringDrift_dbar:50/ CONFIG_CTDPowerAcquisitionMode_NUMBER:1/ CONFIG_DescentSpeed_mm/s:30/ CONFIG_CTDPumpStopPressure_dbar:5/ CONFIG_OptodePowerAcquisitionMode_NUMBER:0/ CONFIG_AscentEndThreshold_dbar:10/ CONFIG_AscentSpeed_mm/s:90/ CONFIG_PressureCheckTimeAscent_minutes:2/ CONFIG_AscentVerticalThresholdForBuoyancyAction_dbar:10/ CONFIG_PressureCheckTimeDescent_minutes:5/ CONFIG_DescentVerticalThresholdForBuoyancyAction_dbar:4/ CONFIG_MaxAttemptsGPSAcquisitionBeforeResetGPS_COUNT:24/ CONFIG_HydraulicDataTransmission_LOGICAL:1/ CONFIG_InternalPressureCalibrationCoef1_NUMBER:0.03/ CONFIG_InternalPressureCalibrationCoef2_NUMBER:-5/ CONFIG_Direction_NUMBER:1/ CONFIG_CTDPumpStopPressurePlusThreshold_dbar:5.5 [Mission02] CONFIG_MaxCycles_NUMBER:255/ CONFIG_CycleTime_days:10/ CONFIG_FloatReferenceDay_FloatDay:2/ CONFIG_SurfaceTime_HH:6/ CONFIG_DescentToParkPresSamplingTime_seconds:0/ CONFIG_ParkSamplingPeriod_hours:12/ CONFIG_AscentSamplingPeriod_seconds:10/ CONFIG_ParkPressure_dbar:1000/ CONFIG_ProfilePressure_dbar:4000/ CONFIG_PressureThresholdDataReductionShallowToIntermediate_dbar:10/ CONFIG_PressureThresholdDataReductionIntermediateToDeep_dbar:200/ CONFIG_ProfileSurfaceSlicesThickness_dbar:1/ CONFIG_ProfileIntermediateSlicesThickness_dbar:10/ CONFIG_ProfileBottomSlicesThickness_dbar:25/ CONFIG_TransmissionPeriodEndOfLife_minutes:60/ CONFIG_TelemetryRepeatSessionDelay_minutes:0/ CONFIG_TimeDelaybeforeDescentRetryWhenStuckAtSurface_minutes:1/ CONFIG_SurfaceValveMaxTimeAdditionalActions_csec:1100/ CONFIG_OilVolumeMaxPerValveAction_cm^3:17/ CONFIG_PumpActionMaxTimeReposition_csec:450/ CONFIG_PumpActionMaxTimeAscent_csec:1120/ CONFIG_PumpActionTimeBuoyancyAcquisition_csec:28000/ CONFIG_PressureTargetToleranceForStabilisation_dbar:50/ CONFIG_PressureMaxBeforeEmergencyAscent_dbar:4220/ CONFIG_BuoyancyReductionFirstThreshold_dbar:2/ CONFIG_BuoyancyReductionSecondThreshold_dbar:7/ CONFIG_NumberOfOutOfTolerancePresBeforeReposition_COUNT:2/ CONFIG_GroundingMode_LOGICAL:0/ CONFIG_OilVolumeMinForGroundingDetection_cm^3:47/ CONFIG_GroundingModeMinPresThreshold_dbar:200/ CONFIG_GroundingModePresAdjustment_dbar:100/ CONFIG_PressureTargetToleranceDuringDrift_dbar:50/ CONFIG_CTDPowerAcquisitionMode_NUMBER:1/ CONFIG_DescentSpeed_mm/s:30/ CONFIG_CTDPumpStopPressure_dbar:5/ CONFIG_OptodePowerAcquisitionMode_NUMBER:0/ CONFIG_AscentEndThreshold_dbar:10/ CONFIG_AscentSpeed_mm/s:90/ CONFIG_PressureCheckTimeAscent_minutes:2/ CONFIG_AscentVerticalThresholdForBuoyancyAction_dbar:10/ CONFIG_PressureCheckTimeDescent_minutes:5/ CONFIG_DescentVerticalThresholdForBuoyancyAction_dbar:4/ CONFIG_MaxAttemptsGPSAcquisitionBeforeResetGPS_COUNT:24/ CONFIG_HydraulicDataTransmission_LOGICAL:1/ CONFIG_InternalPressureCalibrationCoef1_NUMBER:0.03/ CONFIG_InternalPressureCalibrationCoef2_NUMBER:-5/ CONFIG_Direction_NUMBER:1/ CONFIG_CTDPumpStopPressurePlusThreshold_dbar:5.5 
6901249,22-Feb-2017,12-Feb-2019,3.1,ARGO SPAIN,VELEZ BELCHI Pedro,SOCIB,Euro-Argo,,SOCIB,NKE,ARVOR,IEO,C147542-0020,n/a,70-10-596,IRIDIUM,463598,/ CTD_PRES/ CTD_TEMP/ CTD_CNDC,/ 8925/ 8925/ 8925,Lithium,[Mission01] CONFIG_CycleTime_hours:54/ CONFIG_ParkPressure_dbar:350/ CONFIG_ProfilePressure_dbar:2000/ CONFIG_MaxCycles_NUMBER:300/ CONFIG_DescentToParkPresSamplingTime_seconds:10/ CONFIG_SurfaceValveMaxTimeAdditionalActions_csec:800/ CONFIG_OilVolumeMaxPerValveAction_cm^3:11/ CONFIG_PumpActionMaxTimeReposition_csec:290/ CONFIG_PumpActionMaxTimeAscent_csec:720/ CONFIG_PumpActionTimeBuoyancyAcquisition_csec:30000/ CONFIG_PressureTargetToleranceForStabilisation_dbar:30/ CONFIG_PressureMaxBeforeEmergencyAscent_dbar:2100/ CONFIG_BuoyancyReductionFirstThreshold_dbar:1/ CONFIG_BuoyancyReductionSecondThreshold_dbar:7/ CONFIG_NumberOfOutOfTolerancePresBeforeReposition_COUNT:2/ CONFIG_OilVolumeMinForGroundingDetection_cm^3:36/ CONFIG_GroundingModeMinPresThreshold_dbar:200/ CONFIG_PressureTargetToleranceDuringDrift_dbar:50/ CONFIG_DescentSpeed_mm/s:25/ CONFIG_AscentEndThreshold_dbar:10/ CONFIG_AscentSpeed_mm/s:90/ CONFIG_PressureCheckTimeAscent_minutes:2/ CONFIG_AscentVerticalThresholdForBuoyancyAction_dbar:10/ CONFIG_GPSTimeout_minutes:36/ CONFIG_HydraulicDataTransmission_LOGICAL:1/ CONFIG_PressureOffsetDelayBeforeResetCommand_minutes:0/ CONFIG_PumpActionTimeBuoyancyAcquisitionForInAirMeasCycle_csec:33000/ CONFIG_InternalPressureCalibrationCoef1_NUMBER:1.325/ CONFIG_InternalPressureCalibrationCoef2_NUMBER:-159/ CONFIG_Direction_NUMBER:3 [Mission02] CONFIG_CycleTime_hours:30/ CONFIG_ParkPressure_dbar:350/ CONFIG_ProfilePressure_dbar:700/ CONFIG_MaxCycles_NUMBER:300/ CONFIG_DescentToParkPresSamplingTime_seconds:0/ CONFIG_SurfaceValveMaxTimeAdditionalActions_csec:800/ CONFIG_OilVolumeMaxPerValveAction_cm^3:11/ CONFIG_PumpActionMaxTimeReposition_csec:290/ CONFIG_PumpActionMaxTimeAscent_csec:720/ CONFIG_PumpActionTimeBuoyancyAcquisition_csec:30000/ CONFIG_PressureTargetToleranceForStabilisation_dbar:30/ CONFIG_PressureMaxBeforeEmergencyAscent_dbar:2100/ CONFIG_BuoyancyReductionFirstThreshold_dbar:1/ CONFIG_BuoyancyReductionSecondThreshold_dbar:7/ CONFIG_NumberOfOutOfTolerancePresBeforeReposition_COUNT:2/ CONFIG_OilVolumeMinForGroundingDetection_cm^3:36/ CONFIG_GroundingModeMinPresThreshold_dbar:200/ CONFIG_PressureTargetToleranceDuringDrift_dbar:50/ CONFIG_DescentSpeed_mm/s:25/ CONFIG_AscentEndThreshold_dbar:10/ CONFIG_AscentSpeed_mm/s:90/ CONFIG_PressureCheckTimeAscent_minutes:2/ CONFIG_AscentVerticalThresholdForBuoyancyAction_dbar:10/ CONFIG_GPSTimeout_minutes:36/ CONFIG_HydraulicDataTransmission_LOGICAL:1/ CONFIG_PressureOffsetDelayBeforeResetCommand_minutes:0/ CONFIG_PumpActionTimeBuoyancyAcquisitionForInAirMeasCycle_csec:33000/ CONFIG_InternalPressureCalibrationCoef1_NUMBER:1.325/ CONFIG_InternalPressureCalibrationCoef2_NUMBER:-159/ CONFIG_Direction_NUMBER:1 [Mission03] CONFIG_CycleTime_hours:120/ CONFIG_ParkPressure_dbar:350/ CONFIG_ProfilePressure_dbar:2000/ CONFIG_MaxCycles_NUMBER:300/ CONFIG_DescentToParkPresSamplingTime_seconds:0/ CONFIG_SurfaceValveMaxTimeAdditionalActions_csec:800/ CONFIG_OilVolumeMaxPerValveAction_cm^3:11/ CONFIG_PumpActionMaxTimeReposition_csec:290/ CONFIG_PumpActionMaxTimeAscent_csec:720/ CONFIG_PumpActionTimeBuoyancyAcquisition_csec:30000/ CONFIG_PressureTargetToleranceForStabilisation_dbar:30/ CONFIG_PressureMaxBeforeEmergencyAscent_dbar:2100/ CONFIG_BuoyancyReductionFirstThreshold_dbar:1/ CONFIG_BuoyancyReductionSecondThreshold_dbar:7/ CONFIG_NumberOfOutOfTolerancePresBeforeReposition_COUNT:2/ CONFIG_OilVolumeMinForGroundingDetection_cm^3:36/ CONFIG_GroundingModeMinPresThreshold_dbar:200/ CONFIG_PressureTargetToleranceDuringDrift_dbar:50/ CONFIG_DescentSpeed_mm/s:25/ CONFIG_AscentEndThreshold_dbar:10/ CONFIG_AscentSpeed_mm/s:90/ CONFIG_PressureCheckTimeAscent_minutes:2/ CONFIG_AscentVerticalThresholdForBuoyancyAction_dbar:10/ CONFIG_GPSTimeout_minutes:36/ CONFIG_HydraulicDataTransmission_LOGICAL:1/ CONFIG_PressureOffsetDelayBeforeResetCommand_minutes:0/ CONFIG_PumpActionTimeBuoyancyAcquisitionForInAirMeasCycle_csec:33000/ CONFIG_InternalPressureCalibrationCoef1_NUMBER:1.325/ CONFIG_InternalPressureCalibrationCoef2_NUMBER:-159/ CONFIG_Direction_NUMBER:1 [Mission04] CONFIG_CycleTime_hours:120/ CONFIG_ParkPressure_dbar:350/ CONFIG_ProfilePressure_dbar:700/ CONFIG_MaxCycles_NUMBER:300/ CONFIG_DescentToParkPresSamplingTime_seconds:0/ CONFIG_SurfaceValveMaxTimeAdditionalActions_csec:800/ CONFIG_OilVolumeMaxPerValveAction_cm^3:11/ CONFIG_PumpActionMaxTimeReposition_csec:290/ CONFIG_PumpActionMaxTimeAscent_csec:720/ CONFIG_PumpActionTimeBuoyancyAcquisition_csec:30000/ CONFIG_PressureTargetToleranceForStabilisation_dbar:30/ CONFIG_PressureMaxBeforeEmergencyAscent_dbar:2100/ CONFIG_BuoyancyReductionFirstThreshold_dbar:1/ CONFIG_BuoyancyReductionSecondThreshold_dbar:7/ CONFIG_NumberOfOutOfTolerancePresBeforeReposition_COUNT:2/ CONFIG_OilVolumeMinForGroundingDetection_cm^3:36/ CONFIG_GroundingModeMinPresThreshold_dbar:200/ CONFIG_PressureTargetToleranceDuringDrift_dbar:50/ CONFIG_DescentSpeed_mm/s:25/ CONFIG_AscentEndThreshold_dbar:10/ CONFIG_AscentSpeed_mm/s:90/ CONFIG_PressureCheckTimeAscent_minutes:2/ CONFIG_AscentVerticalThresholdForBuoyancyAction_dbar:10/ CONFIG_GPSTimeout_minutes:36/ CONFIG_HydraulicDataTransmission_LOGICAL:1/ CONFIG_PressureOffsetDelayBeforeResetCommand_minutes:0/ CONFIG_PumpActionTimeBuoyancyAcquisitionForInAirMeasCycle_csec:33000/ CONFIG_InternalPressureCalibrationCoef1_NUMBER:1.325/ CONFIG_InternalPressureCalibrationCoef2_NUMBER:-159/ CONFIG_Direction_NUMBER:1 
6901250,06-Aug-2017,12-Feb-2019,3.1,Argo Spain,Pedro Velez,SOCIB ICTS,SOCIB ICTS,,n/a,NKE,ARVOR,AI2600 - 16SP002,C147542-0021,5900A00,I535,IRIDIUM,463698,/ CTD_PRES/ CTD_TEMP/ CTD_CNDC,/ 8944/ 8944/ 8944,Lithium,[Mission01] CONFIG_CycleTime_hours:54/ CONFIG_ParkPressure_dbar:350/ CONFIG_ProfilePressure_dbar:2000/ CONFIG_MaxCycles_NUMBER:0/ CONFIG_DescentToParkPresSamplingTime_seconds:10/ CONFIG_SurfaceValveMaxTimeAdditionalActions_csec:800/ CONFIG_OilVolumeMaxPerValveAction_cm^3:11/ CONFIG_PumpActionMaxTimeReposition_csec:290/ CONFIG_PumpActionMaxTimeAscent_csec:720/ CONFIG_PumpActionTimeBuoyancyAcquisition_csec:30000/ CONFIG_PressureTargetToleranceForStabilisation_dbar:30/ CONFIG_PressureMaxBeforeEmergencyAscent_dbar:2100/ CONFIG_BuoyancyReductionFirstThreshold_dbar:1/ CONFIG_BuoyancyReductionSecondThreshold_dbar:7/ CONFIG_NumberOfOutOfTolerancePresBeforeReposition_COUNT:2/ CONFIG_OilVolumeMinForGroundingDetection_cm^3:36/ CONFIG_GroundingModeMinPresThreshold_dbar:200/ CONFIG_PressureTargetToleranceDuringDrift_dbar:50/ CONFIG_DescentSpeed_mm/s:25/ CONFIG_AscentEndThreshold_dbar:10/ CONFIG_AscentSpeed_mm/s:90/ CONFIG_PressureCheckTimeAscent_minutes:2/ CONFIG_AscentVerticalThresholdForBuoyancyAction_dbar:10/ CONFIG_GPSTimeout_minutes:36/ CONFIG_HydraulicDataTransmission_LOGICAL:1/ CONFIG_PressureOffsetDelayBeforeResetCommand_minutes:0/ CONFIG_PumpActionTimeBuoyancyAcquisitionForInAirMeasCycle_csec:33000/ CONFIG_InternalPressureCalibrationCoef1_NUMBER:1.264/ CONFIG_InternalPressureCalibrationCoef2_NUMBER:-47/ CONFIG_Direction_NUMBER:3 [Mission02] CONFIG_CycleTime_hours:54/ CONFIG_ParkPressure_dbar:350/ CONFIG_ProfilePressure_dbar:2000/ CONFIG_MaxCycles_NUMBER:300/ CONFIG_DescentToParkPresSamplingTime_seconds:10/ CONFIG_SurfaceValveMaxTimeAdditionalActions_csec:800/ CONFIG_OilVolumeMaxPerValveAction_cm^3:11/ CONFIG_PumpActionMaxTimeReposition_csec:290/ CONFIG_PumpActionMaxTimeAscent_csec:720/ CONFIG_PumpActionTimeBuoyancyAcquisition_csec:30000/ CONFIG_PressureTargetToleranceForStabilisation_dbar:30/ CONFIG_PressureMaxBeforeEmergencyAscent_dbar:2100/ CONFIG_BuoyancyReductionFirstThreshold_dbar:1/ CONFIG_BuoyancyReductionSecondThreshold_dbar:7/ CONFIG_NumberOfOutOfTolerancePresBeforeReposition_COUNT:2/ CONFIG_OilVolumeMinForGroundingDetection_cm^3:36/ CONFIG_GroundingModeMinPresThreshold_dbar:200/ CONFIG_PressureTargetToleranceDuringDrift_dbar:50/ CONFIG_DescentSpeed_mm/s:25/ CONFIG_AscentEndThreshold_dbar:10/ CONFIG_AscentSpeed_mm/s:90/ CONFIG_PressureCheckTimeAscent_minutes:2/ CONFIG_AscentVerticalThresholdForBuoyancyAction_dbar:10/ CONFIG_GPSTimeout_minutes:36/ CONFIG_HydraulicDataTransmission_LOGICAL:1/ CONFIG_PressureOffsetDelayBeforeResetCommand_minutes:0/ CONFIG_PumpActionTimeBuoyancyAcquisitionForInAirMeasCycle_csec:33000/ CONFIG_InternalPressureCalibrationCoef1_NUMBER:1.264/ CONFIG_InternalPressureCalibrationCoef2_NUMBER:-47/ CONFIG_Direction_NUMBER:3 [Mission03] CONFIG_CycleTime_hours:120/ CONFIG_ParkPressure_dbar:350/ CONFIG_ProfilePressure_dbar:700/ CONFIG_MaxCycles_NUMBER:300/ CONFIG_DescentToParkPresSamplingTime_seconds:0/ CONFIG_SurfaceValveMaxTimeAdditionalActions_csec:800/ CONFIG_OilVolumeMaxPerValveAction_cm^3:11/ CONFIG_PumpActionMaxTimeReposition_csec:290/ CONFIG_PumpActionMaxTimeAscent_csec:720/ CONFIG_PumpActionTimeBuoyancyAcquisition_csec:30000/ CONFIG_PressureTargetToleranceForStabilisation_dbar:30/ CONFIG_PressureMaxBeforeEmergencyAscent_dbar:2100/ CONFIG_BuoyancyReductionFirstThreshold_dbar:1/ CONFIG_BuoyancyReductionSecondThreshold_dbar:7/ CONFIG_NumberOfOutOfTolerancePresBeforeReposition_COUNT:2/ CONFIG_OilVolumeMinForGroundingDetection_cm^3:36/ CONFIG_GroundingModeMinPresThreshold_dbar:200/ CONFIG_PressureTargetToleranceDuringDrift_dbar:50/ CONFIG_DescentSpeed_mm/s:25/ CONFIG_AscentEndThreshold_dbar:10/ CONFIG_AscentSpeed_mm/s:90/ CONFIG_PressureCheckTimeAscent_minutes:2/ CONFIG_AscentVerticalThresholdForBuoyancyAction_dbar:10/ CONFIG_GPSTimeout_minutes:36/ CONFIG_HydraulicDataTransmission_LOGICAL:1/ CONFIG_PressureOffsetDelayBeforeResetCommand_minutes:0/ CONFIG_PumpActionTimeBuoyancyAcquisitionForInAirMeasCycle_csec:33000/ CONFIG_InternalPressureCalibrationCoef1_NUMBER:1.264/ CONFIG_InternalPressureCalibrationCoef2_NUMBER:-47/ CONFIG_Direction_NUMBER:1 [Mission04] CONFIG_CycleTime_hours:120/ CONFIG_ParkPressure_dbar:350/ CONFIG_ProfilePressure_dbar:2000/ CONFIG_MaxCycles_NUMBER:300/ CONFIG_DescentToParkPresSamplingTime_seconds:0/ CONFIG_SurfaceValveMaxTimeAdditionalActions_csec:800/ CONFIG_OilVolumeMaxPerValveAction_cm^3:11/ CONFIG_PumpActionMaxTimeReposition_csec:290/ CONFIG_PumpActionMaxTimeAscent_csec:720/ CONFIG_PumpActionTimeBuoyancyAcquisition_csec:30000/ CONFIG_PressureTargetToleranceForStabilisation_dbar:30/ CONFIG_PressureMaxBeforeEmergencyAscent_dbar:2100/ CONFIG_BuoyancyReductionFirstThreshold_dbar:1/ CONFIG_BuoyancyReductionSecondThreshold_dbar:7/ CONFIG_NumberOfOutOfTolerancePresBeforeReposition_COUNT:2/ CONFIG_OilVolumeMinForGroundingDetection_cm^3:36/ CONFIG_GroundingModeMinPresThreshold_dbar:200/ CONFIG_PressureTargetToleranceDuringDrift_dbar:50/ CONFIG_DescentSpeed_mm/s:25/ CONFIG_AscentEndThreshold_dbar:10/ CONFIG_AscentSpeed_mm/s:90/ CONFIG_PressureCheckTimeAscent_minutes:2/ CONFIG_AscentVerticalThresholdForBuoyancyAction_dbar:10/ CONFIG_GPSTimeout_minutes:36/ CONFIG_HydraulicDataTransmission_LOGICAL:1/ CONFIG_PressureOffsetDelayBeforeResetCommand_minutes:0/ CONFIG_PumpActionTimeBuoyancyAcquisitionForInAirMeasCycle_csec:33000/ CONFIG_InternalPressureCalibrationCoef1_NUMBER:1.264/ CONFIG_InternalPressureCalibrationCoef2_NUMBER:-47/ CONFIG_Direction_NUMBER:1 [Mission05] CONFIG_CycleTime_hours:240/ CONFIG_ParkPressure_dbar:350/ CONFIG_ProfilePressure_dbar:700/ CONFIG_MaxCycles_NUMBER:300/ CONFIG_DescentToParkPresSamplingTime_seconds:0/ CONFIG_SurfaceValveMaxTimeAdditionalActions_csec:800/ CONFIG_OilVolumeMaxPerValveAction_cm^3:11/ CONFIG_PumpActionMaxTimeReposition_csec:290/ CONFIG_PumpActionMaxTimeAscent_csec:720/ CONFIG_PumpActionTimeBuoyancyAcquisition_csec:30000/ CONFIG_PressureTargetToleranceForStabilisation_dbar:30/ CONFIG_PressureMaxBeforeEmergencyAscent_dbar:2100/ CONFIG_BuoyancyReductionFirstThreshold_dbar:1/ CONFIG_BuoyancyReductionSecondThreshold_dbar:7/ CONFIG_NumberOfOutOfTolerancePresBeforeReposition_COUNT:2/ CONFIG_OilVolumeMinForGroundingDetection_cm^3:36/ CONFIG_GroundingModeMinPresThreshold_dbar:200/ CONFIG_PressureTargetToleranceDuringDrift_dbar:50/ CONFIG_DescentSpeed_mm/s:25/ CONFIG_AscentEndThreshold_dbar:10/ CONFIG_AscentSpeed_mm/s:90/ CONFIG_PressureCheckTimeAscent_minutes:2/ CONFIG_AscentVerticalThresholdForBuoyancyAction_dbar:10/ CONFIG_GPSTimeout_minutes:36/ CONFIG_HydraulicDataTransmission_LOGICAL:1/ CONFIG_PressureOffsetDelayBeforeResetCommand_minutes:0/ CONFIG_PumpActionTimeBuoyancyAcquisitionForInAirMeasCycle_csec:33000/ CONFIG_InternalPressureCalibrationCoef1_NUMBER:1.264/ CONFIG_InternalPressureCalibrationCoef2_NUMBER:-47/ CONFIG_Direction_NUMBER:1 [Mission06] CONFIG_CycleTime_hours:240/ CONFIG_ParkPressure_dbar:350/ CONFIG_ProfilePressure_dbar:2000/ CONFIG_MaxCycles_NUMBER:300/ CONFIG_DescentToParkPresSamplingTime_seconds:0/ CONFIG_SurfaceValveMaxTimeAdditionalActions_csec:800/ CONFIG_OilVolumeMaxPerValveAction_cm^3:11/ CONFIG_PumpActionMaxTimeReposition_csec:290/ CONFIG_PumpActionMaxTimeAscent_csec:720/ CONFIG_PumpActionTimeBuoyancyAcquisition_csec:30000/ CONFIG_PressureTargetToleranceForStabilisation_dbar:30/ CONFIG_PressureMaxBeforeEmergencyAscent_dbar:2100/ CONFIG_BuoyancyReductionFirstThreshold_dbar:1/ CONFIG_BuoyancyReductionSecondThreshold_dbar:7/ CONFIG_NumberOfOutOfTolerancePresBeforeReposition_COUNT:2/ CONFIG_OilVolumeMinForGroundingDetection_cm^3:36/ CONFIG_GroundingModeMinPresThreshold_dbar:200/ CONFIG_PressureTargetToleranceDuringDrift_dbar:50/ CONFIG_DescentSpeed_mm/s:25/ CONFIG_AscentEndThreshold_dbar:10/ CONFIG_AscentSpeed_mm/s:90/ CONFIG_PressureCheckTimeAscent_minutes:2/ CONFIG_AscentVerticalThresholdForBuoyancyAction_dbar:10/ CONFIG_GPSTimeout_minutes:36/ CONFIG_HydraulicDataTransmission_LOGICAL:1/ CONFIG_PressureOffsetDelayBeforeResetCommand_minutes:0/ CONFIG_PumpActionTimeBuoyancyAcquisitionForInAirMeasCycle_csec:33000/ CONFIG_InternalPressureCalibrationCoef1_NUMBER:1.264/ CONFIG_InternalPressureCalibrationCoef2_NUMBER:-47/ CONFIG_Direction_NUMBER:1 [Mission07] CONFIG_CycleTime_hours:240/ CONFIG_ParkPressure_dbar:350/ CONFIG_ProfilePressure_dbar:700/ CONFIG_MaxCycles_NUMBER:300/ CONFIG_DescentToParkPresSamplingTime_seconds:0/ CONFIG_SurfaceValveMaxTimeAdditionalActions_csec:800/ CONFIG_OilVolumeMaxPerValveAction_cm^3:11/ CONFIG_PumpActionMaxTimeReposition_csec:290/ CONFIG_PumpActionMaxTimeAscent_csec:720/ CONFIG_PumpActionTimeBuoyancyAcquisition_csec:30000/ CONFIG_PressureTargetToleranceForStabilisation_dbar:30/ CONFIG_PressureMaxBeforeEmergencyAscent_dbar:2100/ CONFIG_BuoyancyReductionFirstThreshold_dbar:1/ CONFIG_BuoyancyReductionSecondThreshold_dbar:7/ CONFIG_NumberOfOutOfTolerancePresBeforeReposition_COUNT:2/ CONFIG_OilVolumeMinForGroundingDetection_cm^3:36/ CONFIG_GroundingModeMinPresThreshold_dbar:200/ CONFIG_PressureTargetToleranceDuringDrift_dbar:50/ CONFIG_DescentSpeed_mm/s:25/ CONFIG_AscentEndThreshold_dbar:10/ CONFIG_AscentSpeed_mm/s:90/ CONFIG_PressureCheckTimeAscent_minutes:2/ CONFIG_AscentVerticalThresholdForBuoyancyAction_dbar:10/ CONFIG_GPSTimeout_minutes:36/ CONFIG_HydraulicDataTransmission_LOGICAL:1/ CONFIG_PressureOffsetDelayBeforeResetCommand_minutes:0/ CONFIG_PumpActionTimeBuoyancyAcquisitionForInAirMeasCycle_csec:33000/ CONFIG_InternalPressureCalibrationCoef1_NUMBER:1.264/ CONFIG_InternalPressureCalibrationCoef2_NUMBER:-47/ CONFIG_Direction_NUMBER:1 [Mission08] CONFIG_CycleTime_hours:240/ CONFIG_ParkPressure_dbar:350/ CONFIG_ProfilePressure_dbar:2000/ CONFIG_MaxCycles_NUMBER:300/ CONFIG_DescentToParkPresSamplingTime_seconds:0/ CONFIG_SurfaceValveMaxTimeAdditionalActions_csec:800/ CONFIG_OilVolumeMaxPerValveAction_cm^3:11/ CONFIG_PumpActionMaxTimeReposition_csec:290/ CONFIG_PumpActionMaxTimeAscent_csec:720/ CONFIG_PumpActionTimeBuoyancyAcquisition_csec:30000/ CONFIG_PressureTargetToleranceForStabilisation_dbar:30/ CONFIG_PressureMaxBeforeEmergencyAscent_dbar:2100/ CONFIG_BuoyancyReductionFirstThreshold_dbar:1/ CONFIG_BuoyancyReductionSecondThreshold_dbar:7/ CONFIG_NumberOfOutOfTolerancePresBeforeReposition_COUNT:2/ CONFIG_OilVolumeMinForGroundingDetection_cm^3:36/ CONFIG_GroundingModeMinPresThreshold_dbar:200/ CONFIG_PressureTargetToleranceDuringDrift_dbar:50/ CONFIG_DescentSpeed_mm/s:25/ CONFIG_AscentEndThreshold_dbar:10/ CONFIG_AscentSpeed_mm/s:90/ CONFIG_PressureCheckTimeAscent_minutes:2/ CONFIG_AscentVerticalThresholdForBuoyancyAction_dbar:10/ CONFIG_GPSTimeout_minutes:36/ CONFIG_HydraulicDataTransmission_LOGICAL:1/ CONFIG_PressureOffsetDelayBeforeResetCommand_minutes:0/ CONFIG_PumpActionTimeBuoyancyAcquisitionForInAirMeasCycle_csec:33000/ CONFIG_InternalPressureCalibrationCoef1_NUMBER:1.264/ CONFIG_InternalPressureCalibrationCoef2_NUMBER:-47/ CONFIG_Direction_NUMBER:1 
6901251,23-Jul-2017,08-Feb-2019,3.1,Argo Spain,Pedro Velez,SOCIB ICTS,SOCIB ICTS,,Catamaran SOCIB,NKE,ARVOR,AI2600-16SP003,C147542-0022,5900A00,70-10-596,IRIDIUM,463997,/ CTD_PRES/ CTD_TEMP/ CTD_CNDC,/ 8966/ 8966/ 8966,Lithium,[Mission01] CONFIG_CycleTime_hours:54/ CONFIG_ParkPressure_dbar:350/ CONFIG_ProfilePressure_dbar:2000/ CONFIG_DescentToParkPresSamplingTime_seconds:10/ CONFIG_SurfaceValveMaxTimeAdditionalActions_csec:800/ CONFIG_OilVolumeMaxPerValveAction_cm^3:11/ CONFIG_PumpActionMaxTimeReposition_csec:290/ CONFIG_PumpActionMaxTimeAscent_csec:720/ CONFIG_PumpActionTimeBuoyancyAcquisition_csec:30000/ CONFIG_PressureTargetToleranceForStabilisation_dbar:30/ CONFIG_PressureMaxBeforeEmergencyAscent_dbar:2100/ CONFIG_BuoyancyReductionFirstThreshold_dbar:1/ CONFIG_BuoyancyReductionSecondThreshold_dbar:7/ CONFIG_NumberOfOutOfTolerancePresBeforeReposition_COUNT:2/ CONFIG_OilVolumeMinForGroundingDetection_cm^3:36/ CONFIG_GroundingModeMinPresThreshold_dbar:200/ CONFIG_PressureTargetToleranceDuringDrift_dbar:50/ CONFIG_DescentSpeed_mm/s:25/ CONFIG_AscentEndThreshold_dbar:10/ CONFIG_AscentSpeed_mm/s:90/ CONFIG_PressureCheckTimeAscent_minutes:2/ CONFIG_AscentVerticalThresholdForBuoyancyAction_dbar:10/ CONFIG_GPSTimeout_minutes:36/ CONFIG_HydraulicDataTransmission_LOGICAL:1/ CONFIG_PressureOffsetDelayBeforeResetCommand_minutes:0/ CONFIG_PumpActionTimeBuoyancyAcquisitionForInAirMeasCycle_csec:33000/ CONFIG_InternalPressureCalibrationCoef1_NUMBER:1.328/ CONFIG_InternalPressureCalibrationCoef2_NUMBER:-116/ CONFIG_Direction_NUMBER:3 [Mission02] CONFIG_CycleTime_hours:120/ CONFIG_ParkPressure_dbar:350/ CONFIG_ProfilePressure_dbar:700/ CONFIG_DescentToParkPresSamplingTime_seconds:0/ CONFIG_SurfaceValveMaxTimeAdditionalActions_csec:800/ CONFIG_OilVolumeMaxPerValveAction_cm^3:11/ CONFIG_PumpActionMaxTimeReposition_csec:290/ CONFIG_PumpActionMaxTimeAscent_csec:720/ CONFIG_PumpActionTimeBuoyancyAcquisition_csec:30000/ CONFIG_PressureTargetToleranceForStabilisation_dbar:30/ CONFIG_PressureMaxBeforeEmergencyAscent_dbar:2100/ CONFIG_BuoyancyReductionFirstThreshold_dbar:1/ CONFIG_BuoyancyReductionSecondThreshold_dbar:7/ CONFIG_NumberOfOutOfTolerancePresBeforeReposition_COUNT:2/ CONFIG_OilVolumeMinForGroundingDetection_cm^3:36/ CONFIG_GroundingModeMinPresThreshold_dbar:200/ CONFIG_PressureTargetToleranceDuringDrift_dbar:50/ CONFIG_DescentSpeed_mm/s:25/ CONFIG_AscentEndThreshold_dbar:10/ CONFIG_AscentSpeed_mm/s:90/ CONFIG_PressureCheckTimeAscent_minutes:2/ CONFIG_AscentVerticalThresholdForBuoyancyAction_dbar:10/ CONFIG_GPSTimeout_minutes:36/ CONFIG_HydraulicDataTransmission_LOGICAL:1/ CONFIG_PressureOffsetDelayBeforeResetCommand_minutes:0/ CONFIG_PumpActionTimeBuoyancyAcquisitionForInAirMeasCycle_csec:33000/ CONFIG_InternalPressureCalibrationCoef1_NUMBER:1.328/ CONFIG_InternalPressureCalibrationCoef2_NUMBER:-116/ CONFIG_Direction_NUMBER:1 [Mission03] CONFIG_CycleTime_hours:120/ CONFIG_ParkPressure_dbar:350/ CONFIG_ProfilePressure_dbar:2000/ CONFIG_DescentToParkPresSamplingTime_seconds:0/ CONFIG_SurfaceValveMaxTimeAdditionalActions_csec:800/ CONFIG_OilVolumeMaxPerValveAction_cm^3:11/ CONFIG_PumpActionMaxTimeReposition_csec:290/ CONFIG_PumpActionMaxTimeAscent_csec:720/ CONFIG_PumpActionTimeBuoyancyAcquisition_csec:30000/ CONFIG_PressureTargetToleranceForStabilisation_dbar:30/ CONFIG_PressureMaxBeforeEmergencyAscent_dbar:2100/ CONFIG_BuoyancyReductionFirstThreshold_dbar:1/ CONFIG_BuoyancyReductionSecondThreshold_dbar:7/ CONFIG_NumberOfOutOfTolerancePresBeforeReposition_COUNT:2/ CONFIG_OilVolumeMinForGroundingDetection_cm^3:36/ CONFIG_GroundingModeMinPresThreshold_dbar:200/ CONFIG_PressureTargetToleranceDuringDrift_dbar:50/ CONFIG_DescentSpeed_mm/s:25/ CONFIG_AscentEndThreshold_dbar:10/ CONFIG_AscentSpeed_mm/s:90/ CONFIG_PressureCheckTimeAscent_minutes:2/ CONFIG_AscentVerticalThresholdForBuoyancyAction_dbar:10/ CONFIG_GPSTimeout_minutes:36/ CONFIG_HydraulicDataTransmission_LOGICAL:1/ CONFIG_PressureOffsetDelayBeforeResetCommand_minutes:0/ CONFIG_PumpActionTimeBuoyancyAcquisitionForInAirMeasCycle_csec:33000/ CONFIG_InternalPressureCalibrationCoef1_NUMBER:1.328/ CONFIG_InternalPressureCalibrationCoef2_NUMBER:-116/ CONFIG_Direction_NUMBER:1 
6901252,13-Aug-2018,12-Feb-2019,3.1,ARGO SPAIN,Pedro Velez,IEO,IEO,,ANGELES ALVARI?O,NKE,ARVOR,AL2500-17SP001,C150573-0002,n/a,70-10-444,ARGOS,44187,/ CTD_PRES/ CTD_TEMP/ CTD_CNDC,/ n/a/ n/a/ n/a,LITHIUM,[Mission01] CONFIG_CycleTime_hours:48/ CONFIG_ParkPressure_dbar:500/ CONFIG_ProfilePressure_dbar:800/ CONFIG_DescentToParkPresSamplingTime_seconds:10/ CONFIG_Direction_NUMBER:3 [Mission02] CONFIG_CycleTime_hours:48/ CONFIG_ParkPressure_dbar:500/ CONFIG_ProfilePressure_dbar:800/ CONFIG_DescentToParkPresSamplingTime_seconds:0/ CONFIG_Direction_NUMBER:1 [Mission03] CONFIG_CycleTime_hours:120/ CONFIG_ParkPressure_dbar:750/ CONFIG_ProfilePressure_dbar:2000/ CONFIG_DescentToParkPresSamplingTime_seconds:0/ CONFIG_Direction_NUMBER:1 
6901253,31-May-2018,05-Feb-2019,3.1,ARGO SPAIN,Pedro Velez,IEO,IEO,,SARMIENTO DE GAMBOA,NKE,ARVOR,AL2500-17SP002,C150573-0003,n/a,70-10-444,ARGOS,44188,/ CTD_PRES/ CTD_TEMP/ CTD_CNDC,/ n/a/ n/a/ n/a,LITHIUM,[Mission01] CONFIG_CycleTime_hours:240/ CONFIG_ParkPressure_dbar:1000/ CONFIG_ProfilePressure_dbar:2000/ CONFIG_DescentToParkPresSamplingTime_seconds:10/ CONFIG_Direction_NUMBER:3 [Mission02] CONFIG_CycleTime_hours:240/ CONFIG_ParkPressure_dbar:1000/ CONFIG_ProfilePressure_dbar:2000/ CONFIG_DescentToParkPresSamplingTime_seconds:0/ CONFIG_Direction_NUMBER:1 
6901254,25-Oct-2018,10-Feb-2019,3.1,ARGO SPAIN,Pedro Velez,IEO,IEO,,ANGELES ALVARI?O,NKE,ARVOR,AL2500-17SP003,C150573-0004,n/a,70-10-444,ARGOS,44189,/ CTD_PRES/ CTD_TEMP/ CTD_CNDC,/ n/a/ n/a/ n/a,LITHIUM,[Mission01] CONFIG_CycleTime_hours:48/ CONFIG_ParkPressure_dbar:1000/ CONFIG_ProfilePressure_dbar:2000/ CONFIG_DescentToParkPresSamplingTime_seconds:10/ CONFIG_Direction_NUMBER:3 [Mission02] CONFIG_CycleTime_hours:48/ CONFIG_ParkPressure_dbar:1000/ CONFIG_ProfilePressure_dbar:2000/ CONFIG_DescentToParkPresSamplingTime_seconds:0/ CONFIG_Direction_NUMBER:1 [Mission03] CONFIG_CycleTime_hours:240/ CONFIG_ParkPressure_dbar:1000/ CONFIG_ProfilePressure_dbar:2000/ CONFIG_DescentToParkPresSamplingTime_seconds:0/ CONFIG_Direction_NUMBER:1 
6901256,03-Jun-2018,08-Feb-2019,3.1,ARGO SPAIN,Pedro Velez,IEO,IEO,,SARMIENTO DE GAMBOA,NKE,ARVOR,AL2500-17SP005,C150573-0006,n/a,70-10-444,ARGOS,44193,/ CTD_PRES/ CTD_TEMP/ CTD_CNDC,/ n/a/ n/a/ n/a,LITHIUM,[Mission01] CONFIG_CycleTime_hours:240/ CONFIG_ParkPressure_dbar:1000/ CONFIG_ProfilePressure_dbar:2000/ CONFIG_DescentToParkPresSamplingTime_seconds:10/ CONFIG_Direction_NUMBER:3 [Mission02] CONFIG_CycleTime_hours:240/ CONFIG_ParkPressure_dbar:1000/ CONFIG_ProfilePressure_dbar:2000/ CONFIG_DescentToParkPresSamplingTime_seconds:0/ CONFIG_Direction_NUMBER:1 
6901258,07-Jun-2018,02-Feb-2019,3.1,ARGO SPAIN,Pedro Velez,IEO,IEO,,SARMIENTO DE GAMBOA,NKE,ARVOR,AL2500-17SP007,C150573-0008,n/a,70-10-444,ARGOS,44218,/ CTD_PRES/ CTD_TEMP/ CTD_CNDC,/ n/a/ n/a/ n/a,LITHIUM,[Mission01] CONFIG_CycleTime_hours:240/ CONFIG_ParkPressure_dbar:1000/ CONFIG_ProfilePressure_dbar:2000/ CONFIG_DescentToParkPresSamplingTime_seconds:10/ CONFIG_Direction_NUMBER:3 [Mission02] CONFIG_CycleTime_hours:240/ CONFIG_ParkPressure_dbar:1000/ CONFIG_ProfilePressure_dbar:2000/ CONFIG_DescentToParkPresSamplingTime_seconds:0/ CONFIG_Direction_NUMBER:1 
6901260,20-Jun-2018,11-Feb-2019,3.1,ARGO SPAIN,Pedro Velez,IEO,IEO,,ANGELES ALVARI?O,NKE,ARVOR,AL2500-17SP009,C150573-0010,n/a,70-10-444,ARGOS,44220,/ CTD_PRES/ CTD_TEMP/ CTD_CNDC,/ n/a/ n/a/ n/a,LITHIUM,[Mission01] CONFIG_CycleTime_hours:24/ CONFIG_ParkPressure_dbar:900/ CONFIG_ProfilePressure_dbar:1000/ CONFIG_DescentToParkPresSamplingTime_seconds:10/ CONFIG_Direction_NUMBER:3 [Mission02] CONFIG_CycleTime_hours:24/ CONFIG_ParkPressure_dbar:900/ CONFIG_ProfilePressure_dbar:1000/ CONFIG_DescentToParkPresSamplingTime_seconds:0/ CONFIG_Direction_NUMBER:1 [Mission03] CONFIG_CycleTime_hours:120/ CONFIG_ParkPressure_dbar:1000/ CONFIG_ProfilePressure_dbar:2000/ CONFIG_DescentToParkPresSamplingTime_seconds:0/ CONFIG_Direction_NUMBER:1 
6901262,10-Jun-2018,05-Feb-2019,3.1,ARGO SPAIN,Pedro Velez,IEO,IEO,,SARMIENTO DE GAMBOA,NKE,ARVOR,AL2500-17SP011,C150573-0012,n/a,70-10-444,ARGOS,44222,/ CTD_PRES/ CTD_TEMP/ CTD_CNDC,/ n/a/ n/a/ n/a,LITHIUM,[Mission01] CONFIG_CycleTime_hours:240/ CONFIG_ParkPressure_dbar:1000/ CONFIG_ProfilePressure_dbar:2000/ CONFIG_DescentToParkPresSamplingTime_seconds:10/ CONFIG_Direction_NUMBER:3 [Mission02] CONFIG_CycleTime_hours:240/ CONFIG_ParkPressure_dbar:1000/ CONFIG_ProfilePressure_dbar:2000/ CONFIG_DescentToParkPresSamplingTime_seconds:0/ CONFIG_Direction_NUMBER:1 
6901264,19-Jun-2018,09-Feb-2019,3.1,ARGO SPAIN,Pedro Velez,IEO,IEO,,ANGELES ALVARI?O,NKE,ARVOR,AL2500-17SP013,C150573-0014,n/a,70-10-444,ARGOS,44224,/ CTD_PRES/ CTD_TEMP/ CTD_CNDC,/ n/a/ n/a/ n/a,LITHIUM,[Mission01] CONFIG_CycleTime_hours:120/ CONFIG_ParkPressure_dbar:800/ CONFIG_ProfilePressure_dbar:1000/ CONFIG_DescentToParkPresSamplingTime_seconds:10/ CONFIG_Direction_NUMBER:3 [Mission02] CONFIG_CycleTime_hours:120/ CONFIG_ParkPressure_dbar:800/ CONFIG_ProfilePressure_dbar:1000/ CONFIG_DescentToParkPresSamplingTime_seconds:0/ CONFIG_Direction_NUMBER:1 [Mission03] CONFIG_CycleTime_hours:120/ CONFIG_ParkPressure_dbar:1000/ CONFIG_ProfilePressure_dbar:2000/ CONFIG_DescentToParkPresSamplingTime_seconds:0/ CONFIG_Direction_NUMBER:1 
6901265,12-Jun-2018,07-Feb-2019,3.1,ARGO SPAIN,Pedro Velez,IEO,IEO,,SARMIENTO DE GAMBOA,NKE,ARVOR,AL2500-17SP014,C150573-0015,n/a,70-10-444,ARGOS,44225,/ CTD_PRES/ CTD_TEMP/ CTD_CNDC,/ n/a/ n/a/ n/a,LITHIUM,[Mission01] CONFIG_CycleTime_hours:240/ CONFIG_ParkPressure_dbar:1000/ CONFIG_ProfilePressure_dbar:2000/ CONFIG_DescentToParkPresSamplingTime_seconds:10/ CONFIG_Direction_NUMBER:3 [Mission02] CONFIG_CycleTime_hours:240/ CONFIG_ParkPressure_dbar:1000/ CONFIG_ProfilePressure_dbar:2000/ CONFIG_DescentToParkPresSamplingTime_seconds:0/ CONFIG_Direction_NUMBER:1 
6901266,15-Jun-2018,10-Feb-2019,3.1,ARGO SPAIN,Pedro Velez,IEO,IEO,,SARMIENTO DE GAMBOA,NKE,ARVOR,AL2500-17SP015,C150573-0016,n/a,70-10-444,ARGOS,44257,/ CTD_PRES/ CTD_TEMP/ CTD_CNDC,/ n/a/ n/a/ n/a,LITHIUM,[Mission01] CONFIG_CycleTime_hours:240/ CONFIG_ParkPressure_dbar:1000/ CONFIG_ProfilePressure_dbar:2000/ CONFIG_DescentToParkPresSamplingTime_seconds:10/ CONFIG_Direction_NUMBER:3 [Mission02] CONFIG_CycleTime_hours:240/ CONFIG_ParkPressure_dbar:1000/ CONFIG_ProfilePressure_dbar:2000/ CONFIG_DescentToParkPresSamplingTime_seconds:0/ CONFIG_Direction_NUMBER:1 
6901267,20-Jul-2018,30-Nov-2018,3.1,ARGO SPAIN,Pedro Velez,IEO,IEO,,ANGELES ALVARI?O,NKE,ARVOR,AL2500-17SP016,C150573-0017,n/a,70-10-444,ARGOS,44267,/ CTD_PRES/ CTD_TEMP/ CTD_CNDC,/ n/a/ n/a/ n/a,LITHIUM,[Mission01] CONFIG_CycleTime_hours:48/ CONFIG_ParkPressure_dbar:500/ CONFIG_ProfilePressure_dbar:800/ CONFIG_DescentToParkPresSamplingTime_seconds:10/ CONFIG_Direction_NUMBER:3 [Mission02] CONFIG_CycleTime_hours:48/ CONFIG_ParkPressure_dbar:500/ CONFIG_ProfilePressure_dbar:800/ CONFIG_DescentToParkPresSamplingTime_seconds:0/ CONFIG_Direction_NUMBER:1 [Mission03] CONFIG_CycleTime_hours:120/ CONFIG_ParkPressure_dbar:750/ CONFIG_ProfilePressure_dbar:2000/ CONFIG_DescentToParkPresSamplingTime_seconds:0/ CONFIG_Direction_NUMBER:1 
6901269,18-Jun-2018,03-Feb-2019,3.1,ARGO SPAIN,Pedro Velez,IEO,IEO,,SARMIENTO DE GAMBOA,NKE,ARVOR,AL2500-17SP018,C150573-0019,n/a,70-10-444,ARGOS,44287,/ CTD_PRES/ CTD_TEMP/ CTD_CNDC,/ n/a/ n/a/ n/a,LITHIUM,[Mission01] CONFIG_CycleTime_hours:240/ CONFIG_ParkPressure_dbar:1000/ CONFIG_ProfilePressure_dbar:2000/ CONFIG_DescentToParkPresSamplingTime_seconds:10/ CONFIG_Direction_NUMBER:3 [Mission02] CONFIG_CycleTime_hours:240/ CONFIG_ParkPressure_dbar:1000/ CONFIG_ProfilePressure_dbar:2000/ CONFIG_DescentToParkPresSamplingTime_seconds:0/ CONFIG_Direction_NUMBER:1 
6901270,20-Aug-2018,09-Feb-2019,3.1,ARGO SPAIN,Pedro Velez,IEO,IEO,,ANGELES ALVARI?O,NKE,ARVOR,AL2500-17SP019,C150573-0020,n/a,70-10-444,ARGOS,44288,/ CTD_PRES/ CTD_TEMP/ CTD_CNDC,/ n/a/ n/a/ n/a,LITHIUM,[Mission01] CONFIG_CycleTime_hours:48/ CONFIG_ParkPressure_dbar:500/ CONFIG_ProfilePressure_dbar:800/ CONFIG_DescentToParkPresSamplingTime_seconds:10/ CONFIG_Direction_NUMBER:3 [Mission02] CONFIG_CycleTime_hours:48/ CONFIG_ParkPressure_dbar:500/ CONFIG_ProfilePressure_dbar:800/ CONFIG_DescentToParkPresSamplingTime_seconds:0/ CONFIG_Direction_NUMBER:1 [Mission03] CONFIG_CycleTime_hours:120/ CONFIG_ParkPressure_dbar:750/ CONFIG_ProfilePressure_dbar:2000/ CONFIG_DescentToParkPresSamplingTime_seconds:0/ CONFIG_Direction_NUMBER:1 
6901271,01-Nov-2018,07-Feb-2019,3.1,ARGO SPAIN,Pedro Velez,IEO,IEO,,ANGELES ALVARI?O,NKE,ARVOR,AL2500-17SP020,C150573-0021,n/a,70-10-444,ARGOS,44289,/ CTD_PRES/ CTD_TEMP/ CTD_CNDC,/ 9978/ 9978/ 9978,LITHIUM,[Mission01] CONFIG_CycleTime_hours:48/ CONFIG_ParkPressure_dbar:500/ CONFIG_ProfilePressure_dbar:2000/ CONFIG_DescentToParkPresSamplingTime_seconds:10/ CONFIG_Direction_NUMBER:3 [Mission02] CONFIG_CycleTime_hours:48/ CONFIG_ParkPressure_dbar:500/ CONFIG_ProfilePressure_dbar:2000/ CONFIG_DescentToParkPresSamplingTime_seconds:0/ CONFIG_Direction_NUMBER:1 [Mission03] CONFIG_CycleTime_hours:240/ CONFIG_ParkPressure_dbar:1000/ CONFIG_ProfilePressure_dbar:2000/ CONFIG_DescentToParkPresSamplingTime_seconds:0/ CONFIG_Direction_NUMBER:1 
6901273,13-Dec-2018,09-Feb-2019,3.1,ARGO SPAIN,Pedro VELEZ BELCHI,IEO,IEO,,NGELES ALVARIO,NKE,ARVOR,AL2500-17SP022,C150573-0024,n/a,70-10-444,ARGOS,44291,/ CTD_PRES/ CTD_TEMP/ CTD_CNDC,/ 9985/ 9985/ 9985,LITHIUM,[Mission01] CONFIG_CycleTime_hours:48/ CONFIG_ParkPressure_dbar:1000/ CONFIG_ProfilePressure_dbar:2000/ CONFIG_DescentToParkPresSamplingTime_seconds:10/ CONFIG_Direction_NUMBER:3 [Mission02] CONFIG_CycleTime_hours:48/ CONFIG_ParkPressure_dbar:1000/ CONFIG_ProfilePressure_dbar:2000/ CONFIG_DescentToParkPresSamplingTime_seconds:0/ CONFIG_Direction_NUMBER:1 [Mission03] CONFIG_CycleTime_hours:240/ CONFIG_ParkPressure_dbar:1000/ CONFIG_ProfilePressure_dbar:2000/ CONFIG_DescentToParkPresSamplingTime_seconds:0/ CONFIG_Direction_NUMBER:1 
